-- MySQL dump 10.13  Distrib 8.3.0, for macos14.2 (arm64)
--
-- Host: localhost    Database: citadel
-- ------------------------------------------------------
-- Server version	8.3.0

/*!40101 SET @OLD_CHARACTER_SET_CLIENT=@@CHARACTER_SET_CLIENT */;
/*!40101 SET @OLD_CHARACTER_SET_RESULTS=@@CHARACTER_SET_RESULTS */;
/*!40101 SET @OLD_COLLATION_CONNECTION=@@COLLATION_CONNECTION */;
/*!50503 SET NAMES utf8mb4 */;
/*!40103 SET @OLD_TIME_ZONE=@@TIME_ZONE */;
/*!40103 SET TIME_ZONE='+00:00' */;
/*!40014 SET @OLD_UNIQUE_CHECKS=@@UNIQUE_CHECKS, UNIQUE_CHECKS=0 */;
/*!40014 SET @OLD_FOREIGN_KEY_CHECKS=@@FOREIGN_KEY_CHECKS, FOREIGN_KEY_CHECKS=0 */;
/*!40101 SET @OLD_SQL_MODE=@@SQL_MODE, SQL_MODE='NO_AUTO_VALUE_ON_ZERO' */;
/*!40111 SET @OLD_SQL_NOTES=@@SQL_NOTES, SQL_NOTES=0 */;

--
-- Table structure for table `data_types`
--

DROP TABLE IF EXISTS `data_types`;
/*!40101 SET @saved_cs_client     = @@character_set_client */;
/*!50503 SET character_set_client = utf8mb4 */;
CREATE TABLE `data_types` (
  `id` int unsigned NOT NULL AUTO_INCREMENT,
  `name` varchar(255) CHARACTER SET utf8mb4 COLLATE utf8mb4_unicode_ci NOT NULL,
  `slug` varchar(255) CHARACTER SET utf8mb4 COLLATE utf8mb4_unicode_ci NOT NULL,
  `display_name_singular` varchar(255) CHARACTER SET utf8mb4 COLLATE utf8mb4_unicode_ci NOT NULL,
  `display_name_plural` varchar(255) CHARACTER SET utf8mb4 COLLATE utf8mb4_unicode_ci NOT NULL,
  `icon` varchar(255) CHARACTER SET utf8mb4 COLLATE utf8mb4_unicode_ci DEFAULT NULL,
  `model_name` varchar(255) CHARACTER SET utf8mb4 COLLATE utf8mb4_unicode_ci DEFAULT NULL,
  `policy_name` varchar(255) CHARACTER SET utf8mb4 COLLATE utf8mb4_unicode_ci DEFAULT NULL,
  `controller` varchar(255) CHARACTER SET utf8mb4 COLLATE utf8mb4_unicode_ci DEFAULT NULL,
  `description` varchar(255) CHARACTER SET utf8mb4 COLLATE utf8mb4_unicode_ci DEFAULT NULL,
  `generate_permissions` tinyint(1) NOT NULL DEFAULT '0',
  `server_side` tinyint NOT NULL DEFAULT '0',
  `details` text CHARACTER SET utf8mb4 COLLATE utf8mb4_unicode_ci,
  `created_at` timestamp NULL DEFAULT NULL,
  `updated_at` timestamp NULL DEFAULT NULL,
  PRIMARY KEY (`id`),
  UNIQUE KEY `data_types_name_unique` (`name`),
  UNIQUE KEY `data_types_slug_unique` (`slug`)
) ENGINE=InnoDB AUTO_INCREMENT=38 DEFAULT CHARSET=utf8mb4 COLLATE=utf8mb4_unicode_ci;
/*!40101 SET character_set_client = @saved_cs_client */;

--
-- Dumping data for table `data_types`
--

LOCK TABLES `data_types` WRITE;
/*!40000 ALTER TABLE `data_types` DISABLE KEYS */;
INSERT INTO `data_types` VALUES (1,'users','users','User','Users','voyager-person','App\\Models\\User','TCG\\Voyager\\Policies\\UserPolicy','App\\Http\\Controllers\\CustomVoyagerUserController',NULL,1,1,'{\"order_column\":null,\"order_display_column\":null,\"order_direction\":\"desc\",\"default_search_key\":null,\"scope\":null}','2024-09-25 19:11:15','2025-01-09 03:24:28'),(2,'menus','menus','Menu','Menus','voyager-list','TCG\\Voyager\\Models\\Menu',NULL,'','',1,0,NULL,'2024-09-25 19:11:15','2024-09-25 19:11:15'),(3,'roles','roles','Role','Roles','voyager-lock','TCG\\Voyager\\Models\\Role',NULL,'TCG\\Voyager\\Http\\Controllers\\VoyagerRoleController',NULL,1,1,'{\"order_column\":null,\"order_display_column\":null,\"order_direction\":\"desc\",\"default_search_key\":null,\"scope\":null}','2024-09-25 19:11:15','2025-01-09 05:05:42'),(8,'agent','agent','Agent','Agents',NULL,'App\\Models\\Agent',NULL,'App\\Http\\Controllers\\AgentController',NULL,1,1,'{\"order_column\":null,\"order_display_column\":null,\"order_direction\":\"asc\",\"default_search_key\":null,\"scope\":null}','2025-01-17 08:01:44','2025-01-17 10:08:52'),(9,'client','client','Client','Clients',NULL,'App\\Models\\Client',NULL,'App\\Http\\Controllers\\ClientController',NULL,1,1,'{\"order_column\":null,\"order_display_column\":null,\"order_direction\":\"asc\",\"default_search_key\":null,\"scope\":null}','2024-09-25 20:37:20','2024-12-23 03:25:09'),(10,'agency','agency','Agency','Agencies',NULL,'App\\Models\\Agency',NULL,'App\\Http\\Controllers\\AgencyController',NULL,1,1,'{\"order_column\":null,\"order_display_column\":null,\"order_direction\":\"asc\",\"default_search_key\":null,\"scope\":null}','2024-09-30 00:01:10','2025-01-08 08:40:48'),(12,'product_type','product-type','Product Type','Product Types',NULL,'App\\Models\\ProductType',NULL,NULL,NULL,1,0,'{\"order_column\":\"created_at\",\"order_display_column\":null,\"order_direction\":\"desc\",\"default_search_key\":null,\"scope\":null}','2024-09-30 00:12:49','2024-12-26 13:59:55'),(13,'product','product','Product Configuration','Product Configuration',NULL,'App\\Models\\Product',NULL,'App\\Http\\Controllers\\ProductController',NULL,1,1,'{\"order_column\":\"created_at\",\"order_display_column\":null,\"order_direction\":\"desc\",\"default_search_key\":null,\"scope\":null}','2024-09-30 00:26:46','2025-01-15 09:20:44'),(14,'document_type','document-type','Document Type','Document Types',NULL,'App\\Models\\DocumentType',NULL,NULL,NULL,1,1,'{\"order_column\":\"id\",\"order_display_column\":null,\"order_direction\":\"desc\",\"default_search_key\":null,\"scope\":null}','2024-09-30 00:39:39','2024-12-26 16:18:58'),(18,'product_agreement','product-agreement','Product Agreement','Product Agreements',NULL,'App\\Models\\ProductAgreement',NULL,'App\\Http\\Controllers\\ProductAgreementController',NULL,1,1,'{\"order_column\":\"id\",\"order_display_column\":null,\"order_direction\":\"desc\",\"default_search_key\":null,\"scope\":null}','2024-09-30 00:51:50','2025-01-07 04:20:58'),(20,'bank_file_upload','bank-file-upload','Bank Status Upload','Bank Status Uploads',NULL,'App\\Models\\BankFileUpload',NULL,'App\\Http\\Controllers\\BankFileUploadController',NULL,1,0,'{\"order_column\":null,\"order_display_column\":null,\"order_direction\":\"asc\",\"default_search_key\":null,\"scope\":null}','2024-09-30 01:44:31','2024-12-10 09:26:41'),(21,'checker','checker','Checker','Checkers',NULL,'App\\Models\\Checker',NULL,'App\\Http\\Controllers\\CheckerController',NULL,1,0,'{\"order_column\":null,\"order_display_column\":null,\"order_direction\":\"asc\",\"default_search_key\":null,\"scope\":null}','2024-09-30 01:45:07','2024-10-09 03:46:37'),(22,'approver','approver','Approver','Approvers',NULL,'App\\Models\\Approver',NULL,'App\\Http\\Controllers\\ApproverController',NULL,1,0,'{\"order_column\":null,\"order_display_column\":null,\"order_direction\":\"asc\",\"default_search_key\":null,\"scope\":null}','2024-09-30 01:45:20','2024-10-09 03:57:51'),(23,'product_order','product-order','Product Order','Product Orders',NULL,'App\\Models\\ProductOrder',NULL,'App\\Http\\Controllers\\ProductOrderController',NULL,1,1,'{\"order_column\":\"id\",\"order_display_column\":null,\"order_direction\":\"desc\",\"default_search_key\":null,\"scope\":null}','2024-10-11 10:12:37','2025-01-27 07:36:26'),(24,'corporate_client','corporate-client','Corporate Client','Corporate Clients',NULL,'App\\Models\\CorporateClient',NULL,'App\\Http\\Controllers\\CorporateClientController',NULL,1,1,'{\"order_column\":null,\"order_display_column\":null,\"order_direction\":\"asc\",\"default_search_key\":null,\"scope\":null}','2024-10-17 07:53:37','2025-01-15 07:25:05'),(26,'redemption_details','redemption-details','Redemption Detail','Redemption Details',NULL,'App\\Models\\RedemptionDetail',NULL,'App\\Http\\Controllers\\RedemptionDetailController',NULL,1,0,'{\"order_column\":null,\"order_display_column\":null,\"order_direction\":\"asc\",\"default_search_key\":null,\"scope\":null}','2024-12-06 05:48:40','2024-12-09 08:04:14'),(27,'user_details','user-details','User Detail','User Details',NULL,'App\\Models\\UserDetails',NULL,NULL,NULL,0,0,'{\"order_column\":null,\"order_display_column\":null,\"order_direction\":\"asc\",\"default_search_key\":null}','2024-12-16 07:07:48','2024-12-16 07:07:48'),(28,'product_dividend_history','dividend-history','Dividend CSV','Dividend CSV',NULL,'App\\Models\\ProductDividendHistory',NULL,'App\\Http\\Controllers\\ProductController',NULL,1,0,'{\"order_column\":null,\"order_display_column\":null,\"order_direction\":\"asc\",\"default_search_key\":null,\"scope\":null}','2024-12-17 03:38:55','2024-12-19 01:36:53'),(29,'product_commission_history','product-commission-history','Commission CSV','Commission CSV',NULL,'App\\Models\\ProductCommissionHistory',NULL,NULL,NULL,1,0,'{\"order_column\":null,\"order_display_column\":null,\"order_direction\":\"asc\",\"default_search_key\":null,\"scope\":null}','2024-12-17 06:08:24','2024-12-19 01:35:42'),(30,'product_agreement_schedule','product-agreement-schedule','Agreement Date Management','Agreement Date Management',NULL,'App\\Models\\ProductAgreementSchedule',NULL,'App\\Http\\Controllers\\ProductAgreementScheduleController',NULL,1,1,'{\"order_column\":\"approval_due_date\",\"order_display_column\":null,\"order_direction\":\"asc\",\"default_search_key\":null,\"scope\":null}','2024-12-27 08:11:35','2025-01-07 05:59:10'),(32,'product_target_return','product-target-return','Product Target Return','Product Target Returns',NULL,'App\\Models\\ProductTargetReturn',NULL,'App\\Http\\Controllers\\ProductTargetReturnController',NULL,1,1,'{\"order_column\":null,\"order_display_column\":null,\"order_direction\":\"asc\",\"default_search_key\":null,\"scope\":null}','2024-12-30 13:49:59','2025-01-03 16:11:57'),(33,'product_dividend_schedule','product-dividend-schedule','Product Dividend Schedule','Product Dividend Schedules',NULL,'App\\Models\\ProductDividendSchedule',NULL,'App\\Http\\Controllers\\ProductDividendScheduleController',NULL,1,1,'{\"order_column\":\"id\",\"order_display_column\":null,\"order_direction\":\"asc\",\"default_search_key\":null,\"scope\":null}','2024-12-30 15:40:00','2025-01-07 06:49:43'),(34,'maintenance_window','maintenance-window','Maintenance Window','Maintenance Windows',NULL,'App\\Models\\MaintenanceWindow',NULL,NULL,NULL,1,1,'{\"order_column\":null,\"order_display_column\":null,\"order_direction\":\"desc\",\"default_search_key\":null,\"scope\":null}','2025-01-08 03:33:58','2025-01-08 03:55:38'),(35,'product_order_payment_receipt','product-order-payment-receipt','Product Order Payment Receipt','Product Order Payment Receipts',NULL,'App\\Models\\ProductOrderPaymentReceipt',NULL,'App\\Http\\Controllers\\ProductOrderPaymentReceiptController',NULL,1,1,'{\"order_column\":null,\"order_display_column\":null,\"order_direction\":\"asc\",\"default_search_key\":null,\"scope\":null}','2025-01-08 05:50:41','2025-01-08 05:54:01'),(36,'product_agency_commission_configuration','product-agency-commission-configuration','Product Agency Commission Configuration','Product Agency Commission Configurations',NULL,'App\\Models\\AgencyCommissionConfiguration',NULL,'App\\Http\\Controllers\\AgencyCommissionConfigurationController',NULL,1,1,'{\"order_column\":null,\"order_display_column\":null,\"order_direction\":\"asc\",\"default_search_key\":null}','2025-01-16 08:10:53','2025-01-16 08:10:53'),(37,'agency_commission_configuration','agency-commission-configuration','Agency Commission Configuration','Agency Commission Configurations',NULL,'App\\Models\\AgencyCommissionConfiguration',NULL,'App\\Http\\Controllers\\AgencyCommissionConfigurationController',NULL,1,1,'{\"order_column\":null,\"order_display_column\":null,\"order_direction\":\"asc\",\"default_search_key\":null,\"scope\":null}','2025-01-16 08:12:12','2025-01-16 08:48:56');
/*!40000 ALTER TABLE `data_types` ENABLE KEYS */;
UNLOCK TABLES;

--
-- Table structure for table `data_rows`
--

DROP TABLE IF EXISTS `data_rows`;
/*!40101 SET @saved_cs_client     = @@character_set_client */;
/*!50503 SET character_set_client = utf8mb4 */;
CREATE TABLE `data_rows` (
  `id` int unsigned NOT NULL AUTO_INCREMENT,
  `data_type_id` int unsigned NOT NULL,
  `field` varchar(255) CHARACTER SET utf8mb4 COLLATE utf8mb4_unicode_ci NOT NULL,
  `type` varchar(255) CHARACTER SET utf8mb4 COLLATE utf8mb4_unicode_ci NOT NULL,
  `display_name` varchar(255) CHARACTER SET utf8mb4 COLLATE utf8mb4_unicode_ci NOT NULL,
  `required` tinyint(1) NOT NULL DEFAULT '0',
  `browse` tinyint(1) NOT NULL DEFAULT '1',
  `read` tinyint(1) NOT NULL DEFAULT '1',
  `edit` tinyint(1) NOT NULL DEFAULT '1',
  `add` tinyint(1) NOT NULL DEFAULT '1',
  `delete` tinyint(1) NOT NULL DEFAULT '1',
  `details` text CHARACTER SET utf8mb4 COLLATE utf8mb4_unicode_ci,
  `order` int NOT NULL DEFAULT '1',
  PRIMARY KEY (`id`),
  KEY `data_rows_data_type_id_foreign` (`data_type_id`),
  CONSTRAINT `data_rows_data_type_id_foreign` FOREIGN KEY (`data_type_id`) REFERENCES `data_types` (`id`) ON DELETE CASCADE ON UPDATE CASCADE
) ENGINE=InnoDB AUTO_INCREMENT=589 DEFAULT CHARSET=utf8mb4 COLLATE=utf8mb4_unicode_ci;
/*!40101 SET character_set_client = @saved_cs_client */;

--
-- Dumping data for table `data_rows`
--

LOCK TABLES `data_rows` WRITE;
/*!40000 ALTER TABLE `data_rows` DISABLE KEYS */;
INSERT INTO `data_rows` VALUES (1,1,'id','number','ID',1,0,0,0,0,0,'{}',1),(2,1,'name','text','Name',1,1,1,1,1,1,'{}',2),(3,1,'email','text','Email',1,0,1,1,1,1,'{}',3),(4,1,'password','password','Password',1,0,0,1,1,0,'{}',5),(5,1,'remember_token','text','Remember Token',0,0,0,0,0,0,'{}',6),(6,1,'created_at','timestamp','Created Datetime',0,1,1,0,0,0,'{}',13),(7,1,'updated_at','timestamp','Updated Datetime',0,0,1,0,0,0,'{}',16),(8,1,'avatar','image','Avatar',0,0,1,1,1,1,'{}',9),(9,1,'user_belongsto_role_relationship','relationship','Role',0,1,1,1,1,0,'{\"model\":\"TCG\\\\Voyager\\\\Models\\\\Role\",\"table\":\"roles\",\"type\":\"belongsTo\",\"column\":\"role_id\",\"key\":\"id\",\"label\":\"display_name\",\"pivot_table\":\"roles\",\"pivot\":\"0\",\"taggable\":\"0\"}',11),(10,1,'user_belongstomany_role_relationship','relationship','Agency',0,0,1,1,1,0,'{\"model\":\"App\\\\Models\\\\Agency\",\"table\":\"agency\",\"type\":\"belongsTo\",\"column\":\"agency_id\",\"key\":\"id\",\"label\":\"agency_name\",\"pivot_table\":\"agency_product\",\"pivot\":\"0\",\"taggable\":\"0\"}',12),(11,1,'settings','hidden','Settings',0,0,0,0,0,0,'{}',19),(12,2,'id','number','ID',1,0,0,0,0,0,NULL,1),(13,2,'name','text','Name',1,1,1,1,1,1,NULL,2),(14,2,'created_at','timestamp','Created At',0,0,0,0,0,0,NULL,3),(15,2,'updated_at','timestamp','Updated At',0,0,0,0,0,0,NULL,4),(16,3,'id','number','ID',1,0,0,0,0,0,'{}',1),(17,3,'name','text','Name',1,1,1,1,1,1,'{}',2),(18,3,'created_at','timestamp','Created At',0,0,0,0,0,0,'{}',3),(19,3,'updated_at','timestamp','Updated At',0,0,0,0,0,0,'{}',4),(20,3,'display_name','text','Display Name',1,1,1,1,1,1,'{}',5),(21,1,'role_id','text','Role',0,0,1,1,1,1,'{}',10),(56,8,'id','text','Agent ID Back',1,0,0,0,0,0,'{}',1),(63,8,'referral_code','text','Referral Code',0,1,1,0,0,0,'{}',5),(65,8,'created_at','timestamp','Created Datetime',0,1,0,0,0,0,'{}',41),(66,8,'updated_at','timestamp','Updated Datetime',0,0,0,0,0,0,'{}',42),(67,8,'agent_belongsto_user_detail_relationship','relationship','Name',0,1,0,0,0,0,'{\"relation\":\"userDetails\",\"model\":\"App\\\\Models\\\\UserDetails\",\"table\":\"user_details\",\"type\":\"belongsTo\",\"column\":\"user_detail_id\",\"key\":\"id\",\"label\":\"name\",\"pivot_table\":\"agent\",\"pivot\":\"0\",\"taggable\":\"0\"}',7),(68,8,'agency_id','text','Agency Id',0,0,0,1,1,0,'{}',27),(69,8,'agent_belongsto_user_detail_relationship_1','relationship','NRIC / Passport No.',0,0,0,0,0,0,'{\"relation\":\"group\",\"model\":\"App\\\\Models\\\\UserDetails\",\"table\":\"user_details\",\"type\":\"belongsTo\",\"column\":\"user_detail_id\",\"key\":\"id\",\"label\":\"id\",\"pivot_table\":\"agency\",\"pivot\":\"0\",\"taggable\":\"0\"}',9),(71,8,'status','select_dropdown','Status',0,1,0,1,0,0,'{\"type\":\"select_dropdown\",\"display_name\":\"Status\",\"name\":\"status\",\"options\":{\"ACTIVE\":\"Active\",\"INACTIVE\":\"Inactive\",\"SUSPENDED\":\"Suspended\",\"TERMINATED\":\"Terminated\"},\"default\":\"ACTIVE\",\"nullable\":false}',25),(72,8,'agent_belongsto_agency_relationship','relationship','Agency Name',0,0,0,1,1,0,'{\"model\":\"App\\\\Models\\\\Agency\",\"table\":\"agency\",\"type\":\"belongsTo\",\"column\":\"agency_id\",\"key\":\"id\",\"label\":\"agency_name\",\"pivot_table\":\"agency\",\"pivot\":\"0\",\"taggable\":\"0\"}',17),(74,8,'agent_hasone_user_detail_relationship','relationship','Gender',0,0,0,0,0,0,'{\"model\":\"App\\\\Models\\\\UserDetails\",\"table\":\"user_details\",\"type\":\"belongsTo\",\"column\":\"user_detail_id\",\"key\":\"id\",\"label\":\"gender\",\"pivot_table\":\"agency\",\"pivot\":\"0\",\"taggable\":\"0\"}',20),(75,8,'agent_belongsto_app_user_relationship','relationship','Email Address',0,1,0,0,0,0,'{\"model\":\"App\\\\Models\\\\UserDetails\",\"table\":\"user_details\",\"type\":\"belongsTo\",\"column\":\"user_detail_id\",\"key\":\"id\",\"label\":\"email\",\"pivot_table\":\"agency\",\"pivot\":\"0\",\"taggable\":\"0\"}',13),(76,8,'agent_belongsto_user_detail_relationship_3','relationship','Date of Birth',0,0,0,0,0,0,'{\"relation\":\"group\",\"model\":\"App\\\\Models\\\\UserDetails\",\"table\":\"user_details\",\"type\":\"belongsTo\",\"column\":\"user_detail_id\",\"key\":\"id\",\"label\":\"dob\",\"pivot_table\":\"agency\",\"pivot\":\"0\",\"taggable\":\"0\"}',10),(77,8,'agent_belongsto_user_detail_relationship_4','relationship','Permanent Address',0,0,0,0,0,0,'{\"model\":\"App\\\\Models\\\\UserDetails\",\"table\":\"user_details\",\"type\":\"belongsTo\",\"column\":\"user_detail_id\",\"key\":\"id\",\"label\":\"address\",\"pivot_table\":\"agency\",\"pivot\":\"0\",\"taggable\":\"0\"}',21),(78,8,'agent_belongsto_user_detail_relationship_5','relationship','Postcode',0,0,0,0,0,0,'{\"model\":\"App\\\\Models\\\\UserDetails\",\"table\":\"user_details\",\"type\":\"belongsTo\",\"column\":\"user_detail_id\",\"key\":\"id\",\"label\":\"postcode\",\"pivot_table\":\"agency\",\"pivot\":\"0\",\"taggable\":\"0\"}',22),(79,8,'agent_belongsto_user_detail_relationship_6','relationship','City',0,0,0,0,0,0,'{\"model\":\"App\\\\Models\\\\UserDetails\",\"table\":\"user_details\",\"type\":\"belongsTo\",\"column\":\"user_detail_id\",\"key\":\"id\",\"label\":\"city\",\"pivot_table\":\"agency\",\"pivot\":\"0\",\"taggable\":\"0\"}',23),(80,8,'agent_hasone_user_detail_relationship_1','relationship','State',0,0,0,0,0,0,'{\"model\":\"App\\\\Models\\\\UserDetails\",\"table\":\"user_details\",\"type\":\"belongsTo\",\"column\":\"user_detail_id\",\"key\":\"id\",\"label\":\"state\",\"pivot_table\":\"agency\",\"pivot\":\"0\",\"taggable\":\"0\"}',24),(81,8,'agent_hasone_user_detail_relationship_2','relationship','Country',0,0,0,0,0,0,'{\"model\":\"App\\\\Models\\\\UserDetails\",\"table\":\"user_details\",\"type\":\"belongsTo\",\"column\":\"user_detail_id\",\"key\":\"id\",\"label\":\"country\",\"pivot_table\":\"agency\",\"pivot\":\"0\",\"taggable\":\"0\"}',26),(83,8,'agent_belongsto_user_detail_relationship_7','relationship','IC Document',0,0,0,0,0,0,'{\"model\":\"App\\\\Models\\\\UserDetails\",\"table\":\"user_details\",\"type\":\"belongsTo\",\"column\":\"user_detail_id\",\"key\":\"id\",\"label\":\"id\",\"pivot_table\":\"agency\",\"pivot\":\"0\",\"taggable\":\"0\"}',28),(84,8,'agent_belongsto_user_detail_relationship_8','relationship','Address Proof',0,0,0,0,0,0,'{\"model\":\"App\\\\Models\\\\UserDetails\",\"table\":\"user_details\",\"type\":\"belongsTo\",\"column\":\"user_detail_id\",\"key\":\"id\",\"label\":\"selfie_document_key\",\"pivot_table\":\"agency\",\"pivot\":\"0\",\"taggable\":\"0\"}',29),(85,8,'agent_hasone_user_detail_relationship_3','relationship','Selfie Document',0,0,0,0,0,0,'{\"model\":\"App\\\\Models\\\\UserDetails\",\"table\":\"user_details\",\"type\":\"belongsTo\",\"column\":\"user_detail_id\",\"key\":\"id\",\"label\":\"selfie_document_key\",\"pivot_table\":\"agency\",\"pivot\":\"0\",\"taggable\":\"0\"}',30),(86,8,'agent_belongsto_bank_detail_relationship','relationship','Bank Name',0,0,1,0,0,0,'{\"model\":\"App\\\\Models\\\\BankDetails\",\"table\":\"bank_details\",\"type\":\"belongsTo\",\"column\":\"id\",\"key\":\"id\",\"label\":\"bank_name\",\"pivot_table\":\"agency\",\"pivot\":\"0\",\"taggable\":\"0\"}',31),(87,8,'agent_belongsto_bank_detail_relationship_1','relationship','Account Holder Name',0,0,1,0,0,0,'{\"model\":\"App\\\\Models\\\\BankDetails\",\"table\":\"bank_details\",\"type\":\"belongsTo\",\"column\":\"id\",\"key\":\"id\",\"label\":\"account_holder_name\",\"pivot_table\":\"agency\",\"pivot\":\"0\",\"taggable\":\"0\"}',33),(88,8,'agent_belongsto_bank_detail_relationship_2','relationship','Permanent Address',0,0,0,0,0,0,'{\"model\":\"App\\\\Models\\\\BankDetails\",\"table\":\"bank_details\",\"type\":\"belongsTo\",\"column\":\"id\",\"key\":\"id\",\"label\":\"permanent_address\",\"pivot_table\":\"agency\",\"pivot\":\"0\",\"taggable\":\"0\"}',34),(89,8,'agent_hasone_bank_detail_relationship','relationship','Postcode',0,0,0,0,0,0,'{\"model\":\"App\\\\Models\\\\BankDetails\",\"table\":\"bank_details\",\"type\":\"belongsTo\",\"column\":\"id\",\"key\":\"id\",\"label\":\"postcode\",\"pivot_table\":\"agency\",\"pivot\":\"0\",\"taggable\":\"0\"}',35),(90,8,'agent_belongsto_bank_detail_relationship_3','relationship','City',0,0,0,0,0,0,'{\"model\":\"App\\\\Models\\\\BankDetails\",\"table\":\"bank_details\",\"type\":\"belongsTo\",\"column\":\"id\",\"key\":\"id\",\"label\":\"city\",\"pivot_table\":\"agency\",\"pivot\":\"0\",\"taggable\":\"0\"}',36),(91,8,'agent_belongsto_bank_detail_relationship_4','relationship','State',0,0,0,0,0,0,'{\"model\":\"App\\\\Models\\\\BankDetails\",\"table\":\"bank_details\",\"type\":\"belongsTo\",\"column\":\"id\",\"key\":\"id\",\"label\":\"state\",\"pivot_table\":\"agency\",\"pivot\":\"0\",\"taggable\":\"0\"}',37),(92,8,'agent_belongsto_bank_detail_relationship_5','relationship','Country',0,0,0,0,0,0,'{\"model\":\"App\\\\Models\\\\BankDetails\",\"table\":\"bank_details\",\"type\":\"belongsTo\",\"column\":\"id\",\"key\":\"id\",\"label\":\"country\",\"pivot_table\":\"agency\",\"pivot\":\"0\",\"taggable\":\"0\"}',39),(93,8,'agent_belongsto_bank_detail_relationship_6','relationship','SWIFT Code',0,0,1,0,0,0,'{\"model\":\"App\\\\Models\\\\BankDetails\",\"table\":\"bank_details\",\"type\":\"belongsTo\",\"column\":\"id\",\"key\":\"id\",\"label\":\"swift_code\",\"pivot_table\":\"agency\",\"pivot\":\"0\",\"taggable\":\"0\"}',38),(94,8,'agent_belongsto_bank_detail_relationship_7','relationship','Proof of Bank Account',0,0,1,0,0,0,'{\"model\":\"App\\\\Models\\\\BankDetails\",\"table\":\"bank_details\",\"type\":\"belongsTo\",\"column\":\"id\",\"key\":\"id\",\"label\":\"bank_account_proof_key\",\"pivot_table\":\"agency\",\"pivot\":\"0\",\"taggable\":\"0\"}',40),(95,8,'user_detail_id','text','User Detail Id',1,0,0,0,0,0,'{}',3),(96,9,'id','text','Client ID Backend',1,0,0,0,0,0,'{}',1),(98,9,'user_detail_id','text','User Detail Id',0,1,0,0,0,0,'{}',6),(103,9,'created_at','timestamp','Created Datetime',0,1,0,0,0,0,'{}',29),(104,9,'updated_at','timestamp','Updated Datetime',0,0,1,0,0,0,'{}',28),(105,10,'id','text','ID',1,0,0,0,0,0,'{}',1),(106,10,'agency_code','text','Agency Code',0,1,1,1,1,0,'{\"validation\":{\"rule\":\"required|regex:\\/^[A-Za-z]{1,3}$\\/\",\"messages\":{\"regex\":\"The agency code must contain up to 3 alphabetic characters only.\"}}}',2),(107,10,'agency_name','text','Agency Name',0,1,1,1,1,0,'{\"validation\":{\"rule\":\"required\"}}',3),(109,10,'contact_number','text','Contact No.',0,1,1,1,1,0,'{\"validation\":{\"rule\":\"required\"}}',6),(110,10,'email_address','text','Email Address',0,1,1,1,1,0,'{\"validation\":{\"rule\":\"required|email\",\"messages\":{\"required\":\"This field is required.\",\"email\":\"The value must be a valid email address.\"}}}',7),(111,10,'office_address','text_area','Business Address',0,0,1,1,1,1,'{\"validation\":{\"rule\":\"required\"}}',16),(123,10,'status','checkbox','Status',0,1,1,1,1,0,'{\"on\":\"Active\",\"off\":\"Inactive\",\"checked\":false}',15),(124,10,'agency_agreement','file','Agency Agreement',0,0,1,1,1,0,'{}',20),(125,10,'strategic_alliance_partnership_form','file','Strategic Alliance Partnership Form',0,0,1,1,1,0,'{}',21),(126,10,'agency_type','select_dropdown','Type of Agency',0,0,1,1,1,0,'{\"default\":\"citadel\",\"options\":{\"citadel\":\"Citadel Agency\",\"other\":\"Other Agency\"},\"validation\":{\"rule\":\"required\"}}',4),(127,10,'created_at','timestamp','Created Date',0,0,1,0,0,0,'{}',22),(128,10,'updated_at','timestamp','Updated Date',0,0,1,0,0,0,'{}',23),(130,12,'id','text','Id',1,0,0,0,0,0,'{}',1),(133,12,'status','checkbox','Status',0,1,1,1,1,0,'{\"on\":\"Enabled\",\"off\":\"Disabled\",\"checked\":false}',4),(134,12,'created_at','timestamp','Created Date',0,1,1,0,0,0,'{}',5),(135,12,'updated_at','timestamp','Updated Datetime',0,0,1,0,0,0,'{}',6),(136,13,'id','text','Product ID',1,0,0,0,0,0,'{}',1),(138,13,'product_type_id','text','Product Type ID',1,0,0,1,1,1,'{}',3),(139,13,'product_description','text_area','Description',0,0,1,1,1,1,'{}',6),(141,13,'incremental','number','Multiples of (RM)',0,0,0,1,1,1,'{\"validation\":{\"rule\":\"required\"}}',11),(142,13,'investment_tenure_month','number','Trust Tenure (Months)',0,0,0,1,1,1,'{\"validation\":{\"rule\":\"required\"}}',7),(144,13,'product_agreement_id','number','Product Agreement Id',1,0,1,1,1,1,'{}',19),(145,13,'product_catalogue_url','file','Product Catalogue',0,0,1,1,1,1,'{}',20),(146,13,'image_of_product_url','image','Product Image',0,0,1,1,1,1,'{}',21),(147,13,'status','checkbox','Status',0,1,1,1,1,1,'{\"on\":\"Enabled\",\"off\":\"Disabled\",\"checked\":false}',23),(149,13,'created_at','timestamp','Created Date',0,1,0,0,0,0,'{}',24),(150,13,'updated_at','timestamp','Updated Date',0,0,1,0,0,0,'{}',26),(151,14,'id','text','Id',1,0,0,0,0,0,'{}',1),(152,14,'name','text','Name',1,1,1,1,1,0,'{\"validation\":{\"rule\":\"required\"}}',2),(153,14,'status','checkbox','Status',1,1,1,1,1,0,'{\"on\":\"Active\",\"off\":\"Inactive\",\"checked\":false}',3),(154,14,'created_at','timestamp','Created Datetime',0,1,1,0,0,0,'{}',4),(155,14,'updated_at','timestamp','Updated Datetime',0,0,1,0,0,0,'{}',5),(167,18,'id','text','Document ID',1,0,0,0,0,0,'{}',1),(168,18,'document_type_id','text','Document Type Id',1,1,1,1,1,1,'{\"validation\":{\"rule\":\"required\"}}',3),(169,18,'name','text','Product Agreement Name',1,1,1,1,1,1,'{\"validation\":{\"rule\":\"required\"}}',4),(170,18,'description','text','Product Agreement Description',0,1,1,1,1,1,'{\"validation\":{\"rule\":\"required\"}}',5),(171,18,'upload_document','file','Upload Document',0,0,1,1,1,1,'null',6),(172,18,'document_editor','rich_text_box','Document Editor',0,0,1,1,0,1,'{}',8),(173,18,'valid_from','timestamp','Valid From',0,0,0,0,0,0,'{}',9),(174,18,'valid_until','timestamp','Valid Until',0,0,0,0,0,0,'{}',10),(175,18,'status','checkbox','Status',1,1,1,1,1,1,'{\"on\":\"Active\",\"off\":\"Inactive\",\"checked\":false}',11),(176,18,'created_at','timestamp','Created Date',0,1,1,0,0,0,'{}',12),(177,18,'updated_at','timestamp','Updated At',0,0,1,0,0,0,'{}',14),(178,18,'use_document_editor','checkbox','Use Document Editor',0,0,1,1,0,1,'{\"on\":\"Active\",\"off\":\"Inactive\",\"checked\":false}',7),(180,8,'agent_belongsto_bank_detail_relationship_8','relationship','Account Number',0,0,1,0,0,0,'{\"model\":\"App\\\\Models\\\\BankDetails\",\"table\":\"bank_details\",\"type\":\"belongsTo\",\"column\":\"id\",\"key\":\"id\",\"label\":\"account_number\",\"pivot_table\":\"agency\",\"pivot\":\"0\",\"taggable\":\"0\"}',32),(181,9,'client_belongsto_user_detail_relationship','relationship','Name',0,1,0,0,0,0,'{\"model\":\"App\\\\Models\\\\UserDetails\",\"table\":\"user_details\",\"type\":\"belongsTo\",\"column\":\"user_detail_id\",\"key\":\"id\",\"label\":\"name\",\"pivot_table\":\"agency\",\"pivot\":\"0\",\"taggable\":\"0\"}',4),(182,9,'client_belongsto_user_detail_relationship_1','relationship','ID Number',0,1,0,0,0,0,'{\"model\":\"App\\\\Models\\\\UserDetails\",\"table\":\"user_details\",\"type\":\"belongsTo\",\"column\":\"user_detail_id\",\"key\":\"id\",\"label\":\"identity_card_number\",\"pivot_table\":\"agency\",\"pivot\":\"0\",\"taggable\":\"0\"}',7),(183,9,'client_belongsto_user_detail_relationship_2','relationship','Mobile Number',0,1,0,0,0,0,'{\"model\":\"App\\\\Models\\\\Client\",\"table\":\"client\",\"type\":\"hasOne\",\"column\":\"id\",\"key\":\"id\",\"label\":\"full_mobile_number\",\"pivot_table\":\"agency\",\"pivot\":\"0\",\"taggable\":\"0\"}',8),(191,8,'app_user_id','text','App User Id',0,0,0,0,0,0,'{}',2),(192,9,'app_user_id','text','App User Id',0,0,0,0,0,0,'{}',2),(194,9,'agent_id','text','Agent',0,1,0,1,0,0,'{}',11),(196,13,'product_belongsto_product_type_relationship','relationship','Category',1,0,0,1,1,1,'{\"scope\":\"active\",\"model\":\"App\\\\Models\\\\ProductType\",\"table\":\"product_type\",\"type\":\"belongsTo\",\"column\":\"product_type_id\",\"key\":\"id\",\"label\":\"name\",\"pivot_table\":\"agency\",\"pivot\":\"0\",\"taggable\":\"0\"}',2),(197,13,'product_belongsto_product_agreement_relationship','relationship','Agreement',1,0,1,1,1,1,'{\"scope\":\"active\",\"model\":\"App\\\\Models\\\\ProductAgreement\",\"table\":\"product_agreement\",\"type\":\"belongsTo\",\"column\":\"product_agreement_id\",\"key\":\"id\",\"label\":\"name\",\"pivot_table\":\"agency\",\"pivot\":\"0\",\"taggable\":\"0\"}',18),(198,18,'product_agreement_belongsto_document_type_relationship','relationship','Document Type',1,1,1,1,1,1,'{\"scope\":\"active\",\"model\":\"App\\\\Models\\\\DocumentType\",\"table\":\"document_type\",\"type\":\"belongsTo\",\"column\":\"document_type_id\",\"key\":\"id\",\"label\":\"name\",\"pivot_table\":\"agency\",\"pivot\":\"0\",\"taggable\":\"0\"}',2),(199,20,'id','text','File ID',1,1,0,0,0,0,'{}',1),(200,20,'upload_document','file','File',0,1,1,1,0,0,'{}',2),(201,20,'description','text','Description',0,0,1,0,1,0,'{}',3),(202,20,'status','select_dropdown','Status',0,1,1,0,0,0,'{\"default\":\"PENDING\",\"options\":{\"PENDING\":\"Pending\",\"SUCCESS\":\"Success\",\"FAIL\":\"Fail\"}}',4),(203,20,'checker_id','text','Checker Id',0,0,1,0,0,0,'{}',5),(204,20,'approver_id','text','Approver Id',0,0,1,0,0,0,'{\"options\":{\"PENDING\":\"Pending Approval\",\"APPROVED\":\"Approved\",\"REJECTED\":\"Rejected\"}}',7),(205,20,'created_at','timestamp','Created Date',0,1,1,0,0,0,'{}',9),(206,20,'created_by','text','Created By',0,0,1,0,0,0,'{}',10),(207,20,'updated_at','timestamp','Updated At',0,0,0,0,0,0,'{}',11),(209,20,'bank_file_upload_belongsto_checker_relationship','relationship','Checker Status',0,0,1,0,0,0,'{\"scope\":\"status\",\"model\":\"App\\\\Models\\\\Checker\",\"table\":\"checker\",\"type\":\"belongsTo\",\"column\":\"checker_id\",\"key\":\"id\",\"label\":\"status\",\"pivot_table\":\"agency\",\"pivot\":\"0\",\"taggable\":\"0\"}',6),(210,20,'bank_file_upload_belongsto_approver_relationship','relationship','Approver Status',0,0,1,0,0,0,'{\"options\":{\"PENDING\":\"Pending Approval\",\"APPROVED\":\"Approved\",\"REJECTED\":\"Rejected\"},\"model\":\"App\\\\Models\\\\Approver\",\"table\":\"approver\",\"type\":\"belongsTo\",\"column\":\"approver_id\",\"key\":\"id\",\"label\":\"status\",\"pivot_table\":\"agency\",\"pivot\":\"0\",\"taggable\":\"0\"}',8),(211,21,'id','text','Approve ID',1,1,1,0,0,0,'{}',1),(212,21,'bank_file_upload_id','text','Bank File Upload Id',0,1,1,0,0,0,'{}',2),(213,21,'status','select_dropdown','Status',0,1,1,1,0,0,'{\"default\":\"PENDING\",\"options\":{\"PENDING\":\"Pending Approval\",\"APPROVED\":\"Approved\",\"REJECTED\":\"Rejected\"}}',5),(214,21,'created_at','timestamp','Created Datetime',0,1,1,0,0,0,'{}',6),(215,21,'updated_at','timestamp','Updated Datetime',0,1,1,0,0,0,'{}',7),(216,21,'checker_belongsto_bank_file_upload_relationship','relationship','File Name',0,1,1,0,0,0,'{\"readonly\":true,\"model\":\"App\\\\Models\\\\BankFileUpload\",\"table\":\"bank_file_upload\",\"type\":\"belongsTo\",\"column\":\"bank_file_upload_id\",\"key\":\"id\",\"label\":\"upload_document\",\"pivot_table\":\"agency\",\"pivot\":\"0\",\"taggable\":\"0\"}',3),(217,21,'updated_by','text','Updated By',0,1,1,0,0,0,'{}',9),(218,21,'checker_belongsto_bank_file_upload_relationship_1','relationship','Bank File Description',0,1,1,0,0,0,'{\"readonly\":true,\"model\":\"App\\\\Models\\\\BankFileUpload\",\"table\":\"bank_file_upload\",\"type\":\"belongsTo\",\"column\":\"id\",\"key\":\"id\",\"label\":\"description\",\"pivot_table\":\"agency\",\"pivot\":\"0\",\"taggable\":\"0\"}',4),(219,21,'remarks','text','Remarks',0,1,1,1,0,0,'{}',8),(220,22,'id','text','Id',1,0,0,0,0,0,'{}',1),(221,22,'bank_file_upload_id','text','Bank File Upload Id',0,1,1,0,0,0,'{}',2),(222,22,'status','select_dropdown','Status',0,1,1,1,0,0,'{\"default\":\"PENDING\",\"options\":{\"PENDING\":\"Pending Approval\",\"APPROVED\":\"Approved\",\"REJECTED\":\"Rejected\"}}',5),(223,22,'remark','text','Remark',0,1,1,1,0,0,'{}',8),(224,22,'created_at','timestamp','Created Datetime',0,1,1,0,0,0,'{}',6),(225,22,'updated_at','timestamp','Updated Datetime',0,1,1,0,0,0,'{}',7),(226,22,'updated_by','text','Updated By',0,1,1,0,0,0,'{}',9),(227,22,'approver_belongsto_bank_file_upload_relationship','relationship','File Name',0,1,1,0,0,0,'{\"model\":\"App\\\\Models\\\\BankFileUpload\",\"table\":\"bank_file_upload\",\"type\":\"belongsTo\",\"column\":\"bank_file_upload_id\",\"key\":\"id\",\"label\":\"upload_document\",\"pivot_table\":\"agency\",\"pivot\":\"0\",\"taggable\":\"0\"}',3),(228,22,'approver_belongsto_bank_file_upload_relationship_1','relationship','Bank File Description',0,1,1,0,0,0,'{\"model\":\"App\\\\Models\\\\BankFileUpload\",\"table\":\"bank_file_upload\",\"type\":\"belongsTo\",\"column\":\"bank_file_upload_id\",\"key\":\"id\",\"label\":\"description\",\"pivot_table\":\"agency\",\"pivot\":\"0\",\"taggable\":\"0\"}',4),(230,20,'remarks','text','Remarks',0,0,1,1,1,1,'{}',10),(231,23,'id','text','Id',1,0,0,0,0,0,'{}',1),(232,23,'client_id','text','Client Id',0,0,0,0,0,0,'{}',16),(233,23,'corporate_client_id','text','Corporate Client Id',0,0,0,0,0,0,'{}',18),(234,23,'product_id','text','Product Id',1,1,0,0,0,0,'{}',7),(235,23,'bank_details_id','text','Bank Details Id',0,0,0,0,0,0,'{}',62),(236,23,'created_at','timestamp','Created Date',0,1,1,0,0,0,'{\"format\":\"%Y-%m-%d %H:%m\"}',14),(237,23,'updated_at','timestamp','Updated At',0,0,0,0,0,0,'{}',46),(238,23,'created_by','text','Created By',0,0,0,0,0,0,'{}',44),(239,13,'name','text','Product Name',1,1,1,1,1,1,'{\"validation\":{\"rule\":\"required\"}}',4),(240,12,'name','text','Category',1,1,1,1,1,1,'{\"validation\":{\"rule\":\"required\"}}',2),(242,24,'id','text','Corporate Client ID',1,0,0,0,0,0,'{}',1),(244,24,'user_detail_id','text','User Detail Id',1,0,0,0,0,0,'{}',3),(249,24,'created_at','timestamp','Created Datetime',0,0,0,0,0,0,'{}',12),(250,24,'updated_at','timestamp','Updated Datetime',0,0,0,0,0,0,'{}',13),(251,24,'corporate_client_belongsto_user_detail_relationship','relationship','Full Name',0,0,0,0,0,0,'{\"model\":\"App\\\\Models\\\\UserDetails\",\"table\":\"user_details\",\"type\":\"belongsTo\",\"column\":\"user_detail_id\",\"key\":\"id\",\"label\":\"name\",\"pivot_table\":\"agency\",\"pivot\":\"0\",\"taggable\":\"0\"}',4),(253,24,'corporate_client_belongsto_user_detail_relationship_2','relationship','Mobile Number',0,0,0,0,0,0,'{\"model\":\"App\\\\Models\\\\UserDetails\",\"table\":\"user_details\",\"type\":\"belongsTo\",\"column\":\"user_detail_id\",\"key\":\"id\",\"label\":\"mobile_number\",\"pivot_table\":\"agency\",\"pivot\":\"0\",\"taggable\":\"0\"}',7),(254,9,'status','checkbox','Status',0,0,1,0,0,0,'{\"on\":\"Active\",\"off\":\"Inactive\",\"checked\":true}',12),(258,24,'client_id','text','Client Id',1,0,0,0,0,0,'{}',6),(261,9,'client_id','text','Client ID',0,1,1,0,1,1,'{}',3),(262,9,'pin','text','Pin',0,0,1,0,1,1,'{}',9),(263,9,'employment_type','text','Employment Type',0,0,1,0,1,1,'{}',10),(264,9,'employer_name','text','Employer Name',0,0,1,0,1,1,'{}',13),(265,9,'industry_type','text','Industry Type',0,0,1,0,1,1,'{}',14),(266,9,'job_title','text','Job Title',0,0,1,0,1,1,'{}',15),(267,9,'employer_address','text','Employer Address',0,0,1,0,1,1,'{}',16),(268,9,'employer_postcode','text','Employer Postcode',0,0,1,0,1,1,'{}',17),(269,9,'employer_city','text','Employer City',0,0,1,0,1,1,'{}',18),(270,9,'employer_state','text','Employer State',0,0,1,0,1,1,'{}',19),(271,9,'employer_country','text','Employer Country',0,0,1,0,1,1,'{}',20),(272,9,'annual_income_declaration','text','Annual Income Declaration',0,0,1,0,1,1,'{}',21),(273,9,'source_of_income','text','Source Of Income',0,0,1,0,1,1,'{}',23),(274,9,'source_of_income_remark','text','Source Of Income Remark',0,0,1,0,1,1,'{}',24),(275,9,'pep_info_id','text','Pep Info Id',0,0,1,0,1,1,'{}',5),(276,8,'agent_belongsto_agent_role_setting_relationship','relationship','Agent Role',1,1,1,1,1,1,'{\"relation\":\"role\",\"model\":\"App\\\\Models\\\\AgentRoleSettings\",\"table\":\"agent_role_settings\",\"type\":\"belongsTo\",\"column\":\"agent_role_id\",\"key\":\"id\",\"label\":\"role_description\",\"pivot_table\":\"agency\",\"pivot\":\"0\",\"taggable\":\"0\"}',8),(277,8,'agent_id','text','Agent ID',1,1,1,0,1,1,'{}',4),(278,8,'recruit_manager_id','text','Recruit Manager Id',0,0,1,0,1,1,'{}',19),(282,8,'agent_belongsto_user_detail_relationship_9','relationship','Recruiter Name',0,1,1,1,1,1,'{\"scope\":\"recruiter\",\"model\":\"App\\\\Models\\\\Agent\",\"table\":\"agent\",\"type\":\"belongsTo\",\"column\":\"recruit_manager_id\",\"key\":\"id\",\"label\":\"agent_name\",\"pivot_table\":\"agency\",\"pivot\":\"0\",\"taggable\":\"0\"}',14),(284,8,'agent_belongsto_agent_role_setting_relationship_1','relationship','Recruiter Role',0,1,1,0,1,1,'{\"relation\":\"agent\",\"model\":\"App\\\\Models\\\\Agent\",\"table\":\"agent\",\"type\":\"belongsTo\",\"column\":\"recruit_manager_id\",\"key\":\"id\",\"label\":\"role_display_name\",\"pivot_table\":\"agency\",\"pivot\":\"0\",\"taggable\":\"0\"}',16),(285,8,'agent_belongsto_user_detail_relationship_10','relationship','Mobile Country Code',0,0,0,0,0,0,'{\"model\":\"App\\\\Models\\\\UserDetails\",\"table\":\"user_details\",\"type\":\"belongsTo\",\"column\":\"user_detail_id\",\"key\":\"id\",\"label\":\"mobile_country_code\",\"pivot_table\":\"agency\",\"pivot\":\"0\",\"taggable\":\"0\"}',11),(286,8,'agent_belongsto_user_detail_relationship_2','relationship','Mobile No',0,1,0,0,0,0,'{\"model\":\"App\\\\Models\\\\UserDetails\",\"table\":\"user_details\",\"type\":\"belongsTo\",\"column\":\"user_detail_id\",\"key\":\"id\",\"label\":\"full_mobile_number\",\"pivot_table\":\"agency\",\"pivot\":\"0\",\"taggable\":\"0\"}',12),(287,26,'id','text','Id',1,0,0,0,0,0,'{}',1),(288,26,'client_id','text','Client Id',0,0,0,0,0,0,'{}',18),(289,26,'corporate_client_id','text','Corporate Client Id',0,0,0,0,0,0,'{}',19),(290,26,'product_id','text','Product Id',0,0,0,0,0,0,'{}',20),(291,26,'fund_status','select_dropdown','Fund Status',0,1,1,1,0,1,'{\"type\":\"checkbox_group\",\"display_name\":\"Fund Status\",\"name\":\"fund status\",\"options\":{\"MATURED\":\"Matured\",\"NOT COMPLETE\":\"Not Complete\",\"ACTIVE\":\"Active\"},\"default\":[\"Not Complete\"],\"nullable\":false}',12),(292,26,'type','select_dropdown','Type',0,1,1,1,0,1,'{\"type\":\"checkbox_group\",\"display_name\":\"Type\",\"name\":\"type\",\"options\":{\"PARTIAL\":\"Partial\",\"FULL\":\"Full\",\"REFUND\":\"Refund\"},\"default\":[\"REFUND\"],\"nullable\":false}',13),(293,26,'amount','text','Amount (RM)',0,0,1,1,0,1,'{}',14),(294,26,'status','checkbox','Status',0,0,1,1,0,1,'{\"on\":\"Complete\",\"off\":\"Pending\",\"checked\":true}',15),(298,26,'redemption_detail_belongsto_redemption_detail_relationship','relationship','Client',0,1,0,0,0,1,'{\"model\":\"App\\\\Models\\\\RedemptionDetail\",\"table\":\"redemption_details\",\"type\":\"belongsTo\",\"column\":\"id\",\"key\":\"id\",\"label\":\"client_name\",\"pivot_table\":\"agency\",\"pivot\":\"0\",\"taggable\":\"0\"}',2),(299,26,'created_at','timestamp','Created Date',0,1,1,0,0,1,'{}',16),(300,26,'updated_at','timestamp','Updated At',0,0,0,0,0,0,'{}',22),(301,26,'redemption_detail_belongsto_redemption_detail_relationship_1','relationship','Agreement Number',0,0,1,0,0,0,'{\"model\":\"App\\\\Models\\\\RedemptionDetail\",\"table\":\"redemption_details\",\"type\":\"hasOne\",\"column\":\"id\",\"key\":\"id\",\"label\":\"agreement_number\",\"pivot_table\":\"agency\",\"pivot\":\"0\",\"taggable\":\"0\"}',11),(303,26,'redemption_detail_belongsto_redemption_detail_relationship_2','relationship','Client Name',0,0,1,0,0,0,'{\"model\":\"App\\\\Models\\\\RedemptionDetail\",\"table\":\"redemption_details\",\"type\":\"hasOne\",\"column\":\"id\",\"key\":\"id\",\"label\":\"client_name\",\"pivot_table\":\"agency\",\"pivot\":\"0\",\"taggable\":\"0\"}',3),(305,26,'redemption_detail_hasone_redemption_detail_relationship','relationship','Client Digital ID',0,0,1,0,0,0,'{\"model\":\"App\\\\Models\\\\RedemptionDetail\",\"table\":\"redemption_details\",\"type\":\"hasOne\",\"column\":\"id\",\"key\":\"id\",\"label\":\"client_digital_id\",\"pivot_table\":\"agency\",\"pivot\":\"0\",\"taggable\":\"0\"}',5),(306,26,'redemption_detail_hasone_redemption_detail_relationship_1','relationship','Permanent Address',0,0,1,0,0,0,'{\"model\":\"App\\\\Models\\\\RedemptionDetail\",\"table\":\"redemption_details\",\"type\":\"hasOne\",\"column\":\"id\",\"key\":\"id\",\"label\":\"permanent_address\",\"pivot_table\":\"agency\",\"pivot\":\"0\",\"taggable\":\"0\"}',7),(307,26,'redemption_detail_hasone_redemption_detail_relationship_2','relationship','Mobile Number',0,0,1,0,0,0,'{\"model\":\"App\\\\Models\\\\RedemptionDetail\",\"table\":\"redemption_details\",\"type\":\"hasOne\",\"column\":\"id\",\"key\":\"id\",\"label\":\"mobile_number\",\"pivot_table\":\"agency\",\"pivot\":\"0\",\"taggable\":\"0\"}',8),(308,26,'redemption_detail_hasone_redemption_detail_relationship_3','relationship','Email Address',0,0,1,0,0,0,'{\"model\":\"App\\\\Models\\\\RedemptionDetail\",\"table\":\"redemption_details\",\"type\":\"hasOne\",\"column\":\"id\",\"key\":\"id\",\"label\":\"email_address\",\"pivot_table\":\"agency\",\"pivot\":\"0\",\"taggable\":\"0\"}',9),(309,26,'redemption_detail_hasone_redemption_detail_relationship_4','relationship','Created By',0,0,1,0,0,0,'{\"model\":\"App\\\\Models\\\\RedemptionDetail\",\"table\":\"redemption_details\",\"type\":\"hasOne\",\"column\":\"id\",\"key\":\"id\",\"label\":\"admin_email\",\"pivot_table\":\"agency\",\"pivot\":\"0\",\"taggable\":\"0\"}',17),(310,26,'created_by','text','Created By',0,0,0,0,0,0,'{}',21),(311,26,'redemption_detail_belongsto_product_relationship','relationship','Product Name',0,0,1,1,0,0,'{\"model\":\"App\\\\Models\\\\Product\",\"table\":\"product\",\"type\":\"belongsTo\",\"column\":\"product_id\",\"key\":\"id\",\"label\":\"name\",\"pivot_table\":\"agency\",\"pivot\":\"0\",\"taggable\":\"0\"}',10),(312,26,'redemption_detail_hasone_redemption_detail_relationship_5','relationship','ID Number',0,0,1,0,0,0,'{\"model\":\"App\\\\Models\\\\RedemptionDetail\",\"table\":\"redemption_details\",\"type\":\"hasOne\",\"column\":\"id\",\"key\":\"id\",\"label\":\"id_number\",\"pivot_table\":\"agency\",\"pivot\":\"0\",\"taggable\":\"0\"}',6),(315,9,'client_hasone_client_relationship','relationship','Agency Name',0,1,1,0,1,1,'{\"model\":\"App\\\\Models\\\\Client\",\"table\":\"client\",\"type\":\"hasOne\",\"column\":\"id\",\"key\":\"id\",\"label\":\"agent_agency_name\",\"pivot_table\":\"agency\",\"pivot\":\"0\",\"taggable\":\"0\"}',26),(317,26,'redemption_detail_hasone_redemption_detail_relationship_6','relationship','Agreement',0,1,0,0,0,0,'{\"model\":\"App\\\\Models\\\\RedemptionDetail\",\"table\":\"redemption_details\",\"type\":\"hasOne\",\"column\":\"id\",\"key\":\"id\",\"label\":\"agreement_number\",\"pivot_table\":\"agency\",\"pivot\":\"0\",\"taggable\":\"0\"}',4),(318,24,'corporate_client_id','text','Corporate Client Id',0,0,1,0,1,1,'{}',5),(319,24,'corporate_details_id','text','Corporate ID',1,0,1,0,1,1,'{}',2),(321,24,'annual_income_declaration','text','Annual Income Declaration',0,0,1,0,1,1,'{}',8),(322,24,'source_of_income','text','Source Of Income',0,0,1,0,1,1,'{}',9),(323,24,'source_of_income_remark','text','Source Of Income Remark',0,0,1,0,1,1,'{}',10),(324,24,'approval_status','select_dropdown','Approval Status',0,1,1,1,0,0,'{\"default\":\"IN_REVIEW\",\"options\":{\"APPROVED\":\"APPROVED\",\"REJECTED\":\"REJECTED\",\"IN_REVIEW\":\"IN REVIEW\"}}',24),(325,24,'approver_id','text','Approver Id',0,0,1,0,1,1,'{}',14),(326,24,'is_deleted','text','Is Deleted',0,0,1,0,1,1,'{}',16),(328,24,'corporate_client_hasone_corporate_client_relationship','relationship','Corporate ID',0,1,1,0,1,1,'{\"model\":\"App\\\\Models\\\\CorporateClient\",\"table\":\"corporate_client\",\"type\":\"hasOne\",\"column\":\"id\",\"key\":\"id\",\"label\":\"corporate_id\",\"pivot_table\":\"agency\",\"pivot\":\"0\",\"taggable\":\"0\"}',19),(329,24,'corporate_client_hasone_corporate_client_relationship_1','relationship','Name',0,1,1,0,1,1,'{\"model\":\"App\\\\Models\\\\CorporateClient\",\"table\":\"corporate_client\",\"type\":\"hasOne\",\"column\":\"id\",\"key\":\"id\",\"label\":\"corporate_name\",\"pivot_table\":\"agency\",\"pivot\":\"0\",\"taggable\":\"0\"}',20),(331,24,'corporate_client_hasone_corporate_client_relationship_2','relationship','Reg No',0,1,1,0,1,1,'{\"model\":\"App\\\\Models\\\\CorporateClient\",\"table\":\"corporate_client\",\"type\":\"hasOne\",\"column\":\"id\",\"key\":\"id\",\"label\":\"registration_number\",\"pivot_table\":\"agency\",\"pivot\":\"0\",\"taggable\":\"0\"}',21),(332,24,'corporate_client_hasone_corporate_client_relationship_3','relationship','Agent',0,1,1,0,1,1,'{\"model\":\"App\\\\Models\\\\CorporateClient\",\"table\":\"corporate_client\",\"type\":\"hasOne\",\"column\":\"id\",\"key\":\"id\",\"label\":\"agent_name\",\"pivot_table\":\"agency\",\"pivot\":\"0\",\"taggable\":\"0\"}',23),(333,24,'corporate_client_hasone_corporate_client_relationship_4','relationship','Agency',0,1,1,0,1,1,'{\"model\":\"App\\\\Models\\\\CorporateClient\",\"table\":\"corporate_client\",\"type\":\"hasOne\",\"column\":\"id\",\"key\":\"id\",\"label\":\"agency_name\",\"pivot_table\":\"agency\",\"pivot\":\"0\",\"taggable\":\"0\"}',22),(334,13,'code','text','Product Code',0,1,1,1,1,1,'{\"validation\":{\"rule\":\"required\"}}',5),(335,13,'tranche_size','text','Fund Size (RM)',0,1,1,1,1,1,'{\"validation\":{\"rule\":\"required\"}}',9),(336,13,'minimum_subscription_amount','text','Minimum Subscription Amount (RM)',0,0,1,1,1,1,'{\"validation\":{\"rule\":\"required\"}}',10),(337,13,'lock_in_period_option','select_dropdown','Lock In Period Option',0,0,1,1,1,1,'{\"default\":\"YEAR\",\"options\":{\"YEAR\":\"Year\",\"MONTHr\":\"Month\"},\"validation\":{\"rule\":\"required\"}}',12),(338,13,'lock_in_period_value','text','Lock In Period',0,0,1,1,1,1,'{\"validation\":{\"rule\":\"required\"}}',13),(339,13,'trust_structure_id','select_dropdown','Trust Structure',0,0,1,1,1,1,'{\"default\":\"Mudarabah\",\"options\":{\"MUDARABAH\":\"Mudarabah\"}}',15),(340,13,'bank_name','select_dropdown','Bank Transfer File',0,0,1,1,1,1,'{\"default\":\"CIMB\",\"options\":{\"CIMB\":\"CIMB\",\"AFFIN\":\"AFFIN\"}}',17),(341,13,'is_published','checkbox','Publish',0,0,1,1,1,1,'{\"on\":\"Yes\",\"off\":\"No\",\"checked\":false}',22),(346,13,'product_hasone_product_relationship_1','relationship','Agency',1,0,1,1,1,1,'{\"model\":\"App\\\\Models\\\\Agency\",\"table\":\"agency\",\"type\":\"belongsToMany\",\"column\":\"id\",\"key\":\"id\",\"label\":\"agency_code\",\"pivot_table\":\"agency_product\",\"pivot\":\"1\",\"taggable\":\"0\"}',14),(352,10,'agency_reg_number','text','Registration Number',0,0,1,1,1,1,'{\"validation\":{\"rule\":\"required\"}}',5),(353,10,'agency_pic_id','text','Agency PIC ID Number',0,0,1,1,1,1,'{}',9),(354,10,'office_postcode','text','Business Address Postcode',0,0,1,1,1,1,'{}',17),(355,10,'office_city','text','Business Address City',0,0,1,1,1,1,'{}',18),(356,10,'office_state','text','Business Address State',0,0,1,1,1,1,'{}',19),(357,10,'agreement_date','timestamp','Agency Agreement Date',0,1,1,1,1,1,'{}',10),(359,10,'agency_hasone_agency_relationship','relationship','No. of Agents',0,1,1,0,0,0,'{\"model\":\"App\\\\Models\\\\Agency\",\"table\":\"agency\",\"type\":\"hasOne\",\"column\":\"id\",\"key\":\"id\",\"label\":\"number_of_agents\",\"pivot_table\":\"agency\",\"pivot\":\"0\",\"taggable\":\"0\"}',14),(360,10,'agency_pic_name','text','Agency PIC Name',0,1,1,1,1,1,'{}',8),(361,10,'recruit_manager_id','text','Recruit Manager Id',0,0,1,1,1,1,'{}',11),(362,10,'agency_belongsto_agent_relationship','relationship','Recruiting Account Manager',0,0,1,1,1,1,'{\"model\":\"App\\\\Models\\\\Agent\",\"table\":\"agent\",\"type\":\"belongsTo\",\"column\":\"recruit_manager_id\",\"key\":\"id\",\"label\":\"agent_name\",\"pivot_table\":\"agency\",\"pivot\":\"0\",\"taggable\":\"0\"}',12),(364,10,'agency_belongsto_agent_relationship_1','relationship','Recruiting Account Manager Role',0,0,1,0,0,0,'{\"model\":\"App\\\\Models\\\\Agent\",\"table\":\"agent\",\"type\":\"belongsTo\",\"column\":\"recruit_manager_id\",\"key\":\"id\",\"label\":\"role_display_name\",\"pivot_table\":\"agency\",\"pivot\":\"0\",\"taggable\":\"0\"}',13),(367,9,'client_belongsto_agent_relationship','relationship','Agent',0,1,1,1,1,1,'{\"model\":\"App\\\\Models\\\\Agent\",\"table\":\"agent\",\"type\":\"belongsTo\",\"column\":\"agent_id\",\"key\":\"id\",\"label\":\"agent_name\",\"pivot_table\":\"agency\",\"pivot\":\"0\",\"taggable\":\"0\"}',27),(368,8,'agent_role_id','text','Agent Role Id',0,0,1,1,1,1,'{}',6),(369,8,'agency_agreement_date','date','Agency Agreement Date',0,1,1,0,1,1,'{}',15),(370,8,'agency_agreement_key','file','Agency Agreement for Agent',0,0,1,0,1,1,'{}',18),(371,27,'id','text','Id',1,0,0,0,0,0,'{}',1),(372,27,'app_user_id','text','App User Id',0,1,1,1,1,1,'{}',2),(373,27,'name','text','Name',0,1,1,1,1,1,'{}',3),(374,27,'mobile_country_code','text','Mobile Country Code',0,1,1,1,1,1,'{}',4),(375,27,'mobile_number','text','Mobile Number',0,1,1,1,1,1,'{}',5),(376,27,'email','text','Email',0,1,1,1,1,1,'{}',6),(377,27,'identity_card_number','text','Identity Card Number',0,1,1,1,1,1,'{}',7),(378,27,'address','text','Address',0,1,1,1,1,1,'{}',8),(379,27,'postcode','text','Postcode',0,1,1,1,1,1,'{}',9),(380,27,'city','text','City',0,1,1,1,1,1,'{}',10),(381,27,'state','text','State',0,1,1,1,1,1,'{}',11),(382,27,'country','text','Country',0,1,1,1,1,1,'{}',12),(383,27,'full_name_of_immediate_family','text','Full Name Of Immediate Family',0,1,1,1,1,1,'{}',13),(384,27,'country_code','text','Country Code',0,1,1,1,1,1,'{}',14),(385,27,'dob','text','Dob',0,1,1,1,1,1,'{}',15),(386,27,'gender','text','Gender',0,1,1,1,1,1,'{}',16),(387,27,'nationality','text','Nationality',0,1,1,1,1,1,'{}',17),(388,27,'resident_status','text','Resident Status',0,1,1,1,1,1,'{}',18),(389,27,'marital_status','text','Marital Status',0,1,1,1,1,1,'{}',19),(390,27,'identity_card_front_image_key','text','Identity Card Front Image Key',0,1,1,1,1,1,'{}',20),(391,27,'identity_card_back_image_key','text','Identity Card Back Image Key',0,1,1,1,1,1,'{}',21),(392,27,'selfie_image_key','text','Selfie Image Key',0,1,1,1,1,1,'{}',22),(393,27,'digital_signature_key','text','Digital Signature Key',0,1,1,1,1,1,'{}',23),(394,27,'proof_of_address_file_key','text','Proof Of Address File Key',0,1,1,1,1,1,'{}',24),(395,27,'onboarding_agreement_key','text','Onboarding Agreement Key',0,1,1,1,1,1,'{}',25),(396,27,'created_at','timestamp','Created At',0,1,1,1,0,1,'{}',26),(397,27,'updated_at','timestamp','Updated At',0,0,0,0,0,0,'{}',27),(398,27,'profile_picture_image_key','text','Profile Picture Image Key',0,1,1,1,1,1,'{}',28),(399,28,'id','text','Id',1,0,0,0,0,0,'{}',1),(400,28,'dividend_file_id','text','Dividend File ID',1,1,1,0,0,0,'{}',2),(401,28,'dividend_csv_key','file','Dividend CSV',0,1,1,0,0,0,'{}',3),(402,28,'status_checker','text','Status Checker',0,0,1,0,0,0,'{}',4),(403,28,'remarks_checker','text','Remarks Checker',0,0,1,0,0,0,'{}',5),(404,28,'status_approver','text','Status Approver',0,0,1,0,0,0,'{}',6),(405,28,'remarks_approver','text','Remarks Approver',0,0,1,0,0,1,'{}',7),(406,28,'created_at','timestamp','Created Date',0,1,1,0,0,0,'{}',9),(407,28,'updated_at','timestamp','Updated At',0,0,0,0,0,0,'{}',10),(408,28,'checked_at','timestamp','Checked At',0,0,1,0,0,0,'{}',11),(409,28,'approved_at','timestamp','Approved At',0,0,1,0,0,0,'{}',12),(410,28,'checked_by','text','Checked By',0,0,1,0,0,0,'{}',13),(411,28,'approved_by','text','Approved By',0,0,1,0,0,0,'{}',14),(412,28,'product_dividend_history_hasone_product_dividend_history_relationship','relationship','Status',0,1,0,0,0,0,'{\"model\":\"App\\\\Models\\\\ProductDividendHistory\",\"table\":\"product_dividend_history\",\"type\":\"hasOne\",\"column\":\"id\",\"key\":\"id\",\"label\":\"approve_status\",\"pivot_table\":\"agency\",\"pivot\":\"0\",\"taggable\":\"0\"}',8),(413,29,'id','text','Id',1,0,0,0,0,0,'{}',1),(414,29,'commission_file_id','text','Commission File ID',0,1,1,0,0,0,'{}',2),(415,29,'commission_csv_key','file','Commission CSV',0,1,1,0,0,0,'{}',3),(416,29,'status_checker','text','Status Checker',0,0,1,0,0,0,'{}',5),(417,29,'remarks_checker','text','Remarks Checker',0,0,1,0,0,0,'{}',6),(418,29,'status_approver','text','Status Approver',0,0,1,0,0,0,'{}',7),(419,29,'remarks_approver','text','Remarks Approver',0,0,1,0,0,0,'{}',8),(420,29,'created_at','timestamp','Created Date',0,1,1,0,0,0,'{}',9),(421,29,'updated_at','timestamp','Updated At',0,0,0,0,0,0,'{}',10),(422,29,'checked_at','timestamp','Checked At',0,0,1,0,0,0,'{}',11),(423,29,'approved_at','timestamp','Approved At',0,0,1,0,0,0,'{}',12),(424,29,'checked_by','text','Checked By',0,0,1,0,0,0,'{}',13),(425,29,'approved_by','text','Approved By',0,0,1,0,0,0,'{}',14),(426,1,'agency_id','text','Agency Id',0,0,1,1,1,1,'{}',4),(427,1,'email_verified_at','timestamp','Email Verified At',0,0,0,0,0,0,'{}',8),(429,29,'product_commission_history_hasone_product_commission_history_relationship_1','relationship','Status',0,1,1,1,1,1,'{\"model\":\"App\\\\Models\\\\ProductCommissionHistory\",\"table\":\"product_commission_history\",\"type\":\"hasOne\",\"column\":\"id\",\"key\":\"id\",\"label\":\"approve_status\",\"pivot_table\":\"agency\",\"pivot\":\"0\",\"taggable\":\"0\"}',4),(430,1,'mobile_number','text','Mobile Number',0,0,1,1,1,1,'{}',7),(431,1,'user_belongsto_user_relationship','relationship','Created By',0,1,1,0,0,0,'{\"model\":\"App\\\\Models\\\\User\",\"table\":\"users\",\"type\":\"belongsTo\",\"column\":\"created_by\",\"key\":\"id\",\"label\":\"name\",\"pivot_table\":\"agency\",\"pivot\":\"0\",\"taggable\":\"0\"}',14),(432,1,'created_by','text','Created By',0,1,1,1,1,1,'{}',15),(433,1,'updated_by','text','Updated By',0,0,1,0,0,0,'{}',18),(434,1,'user_belongsto_user_relationship_1','relationship','Updated By',0,0,1,0,0,0,'{\"model\":\"App\\\\Models\\\\User\",\"table\":\"users\",\"type\":\"belongsTo\",\"column\":\"updated_by\",\"key\":\"id\",\"label\":\"name\",\"pivot_table\":\"agency\",\"pivot\":\"0\",\"taggable\":\"0\"}',17),(435,9,'member_id','text','Member Id',1,0,0,0,0,0,'{}',4),(436,8,'created_by','text','Created By',0,0,0,0,0,0,'{}',11),(437,8,'updated_by','text','Updated By',0,0,0,0,0,0,'{}',13),(438,10,'agency_id','text','Agency ID',0,1,1,0,0,0,'{}',3),(439,10,'agency_agreement_date','text','Agency Agreement Date',0,0,0,0,0,0,'{}',22),(440,10,'created_by','text','Created By',0,0,1,0,0,0,'{}',23),(441,10,'updated_by','text','Updated By',0,0,1,0,0,0,'{}',24),(442,12,'created_by','text','Created By',0,0,1,0,0,0,'{}',6),(443,12,'updated_by','text','Updated By',0,0,1,0,0,0,'{}',7),(444,13,'is_prorated','checkbox','Prorated',0,0,1,1,1,1,'{\"on\":\"Yes\",\"off\":\"No\",\"checked\":false}',8),(445,13,'created_by','text','Created By',0,0,1,0,0,0,'{}',25),(446,13,'updated_by','text','Updated By',0,0,1,0,0,0,'{}',27),(447,14,'created_by','text','Created By',0,0,1,0,0,0,'{}',6),(448,14,'updated_by','text','Updated By',0,0,1,0,0,0,'{}',7),(449,18,'created_by','text','Created By',0,0,1,0,0,0,'{}',13),(450,18,'updated_by','text','Updated By',0,0,1,0,0,0,'{}',15),(451,30,'id','text','Id',1,0,0,0,0,0,'{}',1),(452,30,'submission_due_date','date','Submission Due Date',0,1,1,1,1,1,'{\"validation\":{\"rule\":\"required\"}}',3),(453,30,'approval_due_date','date','Approval Due Date',0,1,1,1,1,1,'{\"validation\":{\"rule\":\"required\"}}',4),(454,30,'created_at','timestamp','Created Date',0,1,1,0,0,0,'{}',5),(455,30,'updated_at','timestamp','Updated Date',0,0,1,0,0,0,'{}',6),(456,30,'created_by','text','Created By',0,0,1,0,0,0,'{}',7),(457,30,'updated_by','text','Updated By',0,0,1,0,0,0,'{}',8),(458,30,'product_agreement_schedule_belongstomany_product_relationship','relationship','Trust category',1,1,1,1,1,1,'{\"model\":\"App\\\\Models\\\\ProductType\",\"table\":\"product_type\",\"type\":\"belongsToMany\",\"column\":\"id\",\"key\":\"id\",\"label\":\"name\",\"pivot_table\":\"product_agreement_schedule_pivot\",\"pivot\":\"1\",\"taggable\":\"0\"}',2),(459,32,'id','text','Id',1,0,0,0,0,0,'{}',1),(460,32,'product_id','number','Product Id',1,1,1,1,1,1,'{}',3),(461,32,'condition_type','select_dropdown','Condition Type',1,1,1,1,1,1,'{\"default\":\"ABOVE\",\"options\":{\"BELOW\":\"Below\",\"ABOVE\":\"Above\",\"RANGE\":\"Range\"},\"validation\":{\"rule\":\"required\"}}',4),(462,32,'threshold_amount','text','Threshold Amount (RM)',0,1,1,1,1,1,'{}',5),(463,32,'minimum','text','Minimum (RM)',0,1,1,1,1,1,'{}',6),(464,32,'maximum','text','Maximum (RM)',0,1,1,1,1,1,'{}',7),(465,32,'target_return_per_annum','text','Expected Profit Sharing Per Annum (%)',1,1,1,1,1,1,'{\"validation\":{\"rule\":\"required\"}}',8),(466,32,'created_at','timestamp','Created Date',0,1,1,0,0,0,'{}',9),(467,32,'updated_at','timestamp','Updated Date',0,0,1,0,0,0,'{}',10),(468,32,'created_by','text','Created By',0,1,1,0,0,0,'{}',11),(469,32,'updated_by','text','Updated By',0,0,1,0,0,0,'{}',12),(470,32,'product_target_return_belongsto_product_relationship','relationship','Fund Code',1,1,1,1,1,1,'{\"model\":\"App\\\\Models\\\\Product\",\"table\":\"product\",\"type\":\"belongsTo\",\"column\":\"product_id\",\"key\":\"id\",\"label\":\"code\",\"pivot_table\":\"agency\",\"pivot\":\"0\",\"taggable\":\"0\"}',2),(471,33,'id','text','Id',1,0,0,0,0,0,'{}',1),(472,33,'product_id','text','Product Id',1,1,1,1,1,1,'{}',3),(474,33,'frequency_of_payout','select_dropdown','Frequency Of Payout',1,1,1,1,1,1,'{\"default\":\"QUARTERLY\",\"options\":{\"MONTHLY\":\"Monthly\",\"QUARTERLY\":\"Quarterly\",\"ANNUALLY\":\"Annually\"},\"validation\":{\"rule\":\"required\"}}',5),(475,33,'created_at','timestamp','Created Date',0,1,1,0,0,0,'{}',7),(476,33,'updated_at','timestamp','Updated Date',0,0,1,0,0,0,'{}',8),(477,33,'created_by','text','Created By',0,0,1,0,0,0,'{}',9),(478,33,'updated_by','text','Updated By',0,0,1,0,0,0,'{}',10),(479,33,'structure_type','select_dropdown','Structure Type',1,1,1,1,1,1,'{\"default\":\"FIXED\",\"options\":{\"FLEXIBLE\":\"Flexible\",\"FIXED\":\"Fixed\"},\"validation\":{\"rule\":\"required\"}}',4),(480,33,'product_dividend_schedule_belongsto_product_relationship','relationship','Fund Code',1,1,1,1,1,1,'{\"model\":\"App\\\\Models\\\\Product\",\"table\":\"product\",\"type\":\"belongsTo\",\"column\":\"product_id\",\"key\":\"id\",\"label\":\"code\",\"pivot_table\":\"agency\",\"pivot\":\"0\",\"taggable\":\"0\"}',2),(481,23,'order_reference_number','text','Order ID',1,0,0,0,0,0,'{}',15),(482,23,'purchased_amount','text','Placement Amount (RM)',0,1,1,0,0,0,'{}',8),(483,23,'dividend','text','Expected Profit Sharing (%) Per Annum',0,0,1,0,0,0,'{}',19),(484,23,'investment_tenure_month','text','Investment Tenure Month',0,0,0,0,0,0,'{}',48),(485,23,'status','text','Status Of Trust Product',0,0,1,0,0,0,'{}',39),(486,23,'submission_date','timestamp','Submission Date',0,0,0,0,0,0,'{}',50),(487,23,'updated_by','text','Updated By',0,0,0,0,0,0,'{}',45),(488,23,'payment_method','text','Payment Method',0,0,1,0,0,0,'{}',20),(489,23,'payment_status','text','Payment Status',0,0,1,0,0,0,'{}',21),(490,23,'payment_date','timestamp','Payment Date',0,0,1,0,0,0,'{}',51),(491,23,'status_finance','text','Finance Status',0,0,1,0,0,0,'{}',27),(492,23,'remark_finance','text','Finance Remark',0,0,1,0,0,0,'{}',28),(493,23,'financed_by','text','Finance Updated By',0,0,1,0,0,0,'{}',29),(494,23,'finance_updated_at','timestamp','Finance Updated Date',0,0,1,0,0,0,'{}',30),(495,23,'status_checker','text','Checker Status',0,0,1,0,0,0,'{}',22),(496,23,'remark_checker','text','Checker Remark',0,0,1,0,0,0,'{}',24),(497,23,'checked_by','text','Checker Updated By',0,0,1,0,0,0,'{}',25),(498,23,'checker_updated_at','timestamp','Checker Updated Date',0,0,1,0,0,0,'{}',26),(499,23,'status_approver','text','Status Approver',0,0,1,0,0,0,'{}',32),(500,23,'remark_approver','text','Approver Remark',0,0,1,0,0,0,'{}',34),(501,23,'approved_by','text','Approver Updated By',0,0,1,0,0,0,'{}',35),(502,23,'approver_updated_at','timestamp','Approver Updated Date',0,0,1,0,0,0,'{}',36),(503,23,'agreement_key','file','Declaration of Trust & Deed',0,0,1,0,0,0,'{}',41),(504,23,'agreement_date','date','Agreement Date',0,1,1,0,0,0,'{\"format\":\"%Y-%m-%d\"}',12),(505,23,'client_agreement_status','text','Client Agreement Status',0,0,0,0,0,0,'{}',52),(506,23,'witness_agreement_status','text','Witness Agreement Status',0,0,0,0,0,0,'{}',53),(507,23,'start_tenure','date','Start Tenure',0,0,1,0,0,0,'{\"format\":\"%Y-%m-%d\"}',37),(508,23,'end_tenure','date','End Tenure',0,0,1,0,0,0,'{\"format\":\"%Y-%m-%d\"}',38),(509,23,'period_starting_date','date','Period Starting Date',0,0,0,0,0,0,'{}',54),(510,23,'period_ending_date','date','Period Ending Date',0,0,0,0,0,0,'{}',55),(511,23,'official_receipt_key','file','Official Receipt',0,0,1,0,0,0,'{}',42),(512,23,'official_receipt_date','timestamp','Official Receipt Date',0,0,0,0,0,0,'{}',56),(513,23,'soa_key','file','Statement of Account',0,0,1,0,0,0,'{}',43),(514,23,'soa_date','timestamp','Soa Date',0,0,0,0,0,0,'{}',57),(515,23,'is_prorated','text','Is Prorated',0,0,0,0,0,0,'{}',58),(516,23,'structure_type','text','Structure Type',1,0,0,0,0,0,'{}',59),(517,23,'payout_frequency','text','Payout Frequency',0,0,0,0,0,0,'{}',60),(519,23,'last_dividend_calculation_date','timestamp','Last Dividend Calculation Date',0,0,0,0,0,0,'{}',61),(522,23,'product_order_belongsto_product_relationship','relationship','Product',0,1,1,0,0,0,'{\"model\":\"App\\\\Models\\\\Product\",\"table\":\"product\",\"type\":\"belongsTo\",\"column\":\"product_id\",\"key\":\"id\",\"label\":\"code\",\"pivot_table\":\"agency\",\"pivot\":\"0\",\"taggable\":\"0\"}',6),(523,23,'product_order_belongstomany_product_order_payment_receipt_relationship','relationship','Payment Attachment',0,0,1,0,0,0,'{\"model\":\"App\\\\Models\\\\ProductOrderPaymentReceipt\",\"table\":\"product_order_payment_receipt\",\"type\":\"hasMany\",\"column\":\"product_order_id\",\"key\":\"id\",\"label\":\"payment_receipt_key\",\"pivot_table\":\"product_order_payment_receipt\",\"pivot\":\"0\",\"taggable\":\"0\"}',40),(524,13,'product_hasmany_product_target_return_relationship','relationship','product_target_return',0,0,0,0,0,0,'{\"model\":\"App\\\\Models\\\\ProductTargetReturn\",\"table\":\"product_target_return\",\"type\":\"hasMany\",\"column\":\"product_id\",\"key\":\"id\",\"label\":\"id\",\"pivot_table\":\"agency\",\"pivot\":\"0\",\"taggable\":\"0\"}',28),(525,33,'date_of_month','select_dropdown','Date Of Month',0,1,1,1,1,1,'{\"default\":16,\"options\":{\"1\":1,\"2\":2,\"3\":3,\"4\":4,\"5\":5,\"6\":6,\"7\":7,\"8\":8,\"9\":9,\"10\":10,\"11\":11,\"12\":12,\"13\":13,\"14\":14,\"15\":15,\"16\":16,\"17\":17,\"18\":18,\"19\":19,\"20\":20,\"21\":21,\"22\":22,\"23\":23,\"24\":24,\"25\":25,\"26\":26,\"27\":27,\"28\":28,\"29\":29,\"30\":30,\"31\":31}}',6),(526,34,'id','text','Id',1,0,0,0,0,0,'{}',1),(527,34,'start_datetime','timestamp','Start Datetime',0,1,1,1,1,1,'{}',2),(528,34,'end_datetime','timestamp','End Datetime',0,1,1,1,1,1,'{}',3),(530,34,'created_at','date','Created At',0,1,1,0,0,0,'{}',5),(531,34,'created_by','text','Created By',0,1,1,0,0,0,'{}',6),(532,34,'updated_at','date','Updated At',0,0,1,0,0,0,'{}',7),(533,34,'updated_by','text','Updated By',0,0,1,0,0,0,'{}',8),(534,34,'status','checkbox','Status',0,1,1,1,1,1,'{\"on\":\"Enabled\",\"off\":\"Disabled\",\"checked\":true}',4),(535,23,'remark','text','Remark',0,0,1,0,0,0,'{}',23),(536,23,'payment_transaction_id','text','Payment Transaction Id',0,0,1,0,0,0,'{}',31),(537,23,'payment_bank_name','text','Payment Bank Name',0,0,1,0,0,0,'{}',33),(538,23,'client_signature_key','text','Client Signature Key',0,0,0,0,0,0,'{}',47),(539,23,'client_signature_date','text','Client Signature Date',0,0,0,0,0,0,'{}',49),(540,35,'id','text','Id',1,0,0,0,0,0,'{}',1),(541,35,'product_order_id','text','Product Order Id',0,0,0,0,0,0,'{}',2),(542,35,'payment_receipt_key','file','Payment Receipt Key',0,0,1,0,0,0,'{}',3),(543,35,'upload_status','text','Upload Status',0,0,1,0,0,0,'{}',4),(544,35,'created_at','timestamp','Created At',0,0,0,0,0,0,'{}',5),(545,35,'updated_at','timestamp','Updated At',0,0,0,0,0,0,'{}',6),(546,24,'approval_status_remark','text_area','Approval Status Remark',0,0,1,1,1,1,'{}',25),(547,24,'onboarding_agreement_key','text','Onboarding Agreement Key',0,0,1,0,1,1,'{}',15),(548,24,'profile_picture_image_key','text','Profile Picture Image Key',0,0,1,0,1,1,'{}',18),(549,8,'pin','text','Pin',0,0,0,0,0,0,'{}',7),(550,13,'product_hasmany_product_reallocation_relationship','relationship','Reallocation Upon Maturity (Fund Name)',0,0,1,1,1,1,'{\"foreign_pivot_key\":\"product_id\",\"related_pivot_key\":\"reallocate_product_id\",\"parent_key\":\"id\",\"model\":\"App\\\\Models\\\\Product\",\"table\":\"product\",\"type\":\"belongsToMany\",\"column\":\"id\",\"key\":\"id\",\"label\":\"name\",\"pivot_table\":\"product_reallocation\",\"pivot\":\"1\",\"taggable\":\"0\"}',16),(551,24,'approval_remark','text','Approval Remark',0,0,1,1,1,1,'{}',10),(552,24,'digital_signature_key','text','Digital Signature Key',0,0,1,1,1,1,'{}',16),(553,24,'reference_number','text','Reference Number',0,0,1,1,1,1,'{}',19),(554,36,'id','text','Id',1,0,0,0,0,0,'{}',1),(555,36,'product_id','text','Product Id',1,1,1,1,1,1,'{}',2),(556,36,'product_order_type','text','Product Order Type',0,1,1,1,1,1,'{}',3),(557,36,'condition','text','Condition',1,1,1,1,1,1,'{}',4),(558,36,'threshold','text','Threshold',0,1,1,1,1,1,'{}',5),(559,36,'year','text','Year',0,1,1,1,1,1,'{}',6),(560,36,'commission','text','Commission',0,1,1,1,1,1,'{}',7),(561,36,'created_at','timestamp','Created At',0,1,1,1,0,1,'{}',8),(562,36,'updated_at','timestamp','Updated At',0,0,0,0,0,0,'{}',9),(563,36,'created_by','text','Created By',0,1,1,1,1,1,'{}',10),(564,36,'updated_by','text','Updated By',0,1,1,1,1,1,'{}',11),(565,37,'id','text','Id',1,0,0,0,0,0,'{}',1),(566,37,'product_id','text','Product Id',1,0,0,1,1,1,'{}',3),(567,37,'product_order_type','select_dropdown','Product Type',0,1,1,1,1,1,'{\"default\":\"New\",\"options\":{\"NEW\":\"New\",\"ROLLOVER\":\"Rollover\"}}',4),(568,37,'condition','select_dropdown','Condition',0,1,1,1,1,1,'{\"default\":null,\"options\":{\"\":null,\"ABOVE\":\"Above\",\"BELOW\":\"Below\"}}',5),(569,37,'threshold','number','Threshold',0,1,1,1,1,1,'{}',6),(570,37,'year','number','Year',0,1,1,1,1,1,'{}',7),(571,37,'commission','text','Commission',1,1,1,1,1,1,'{\"validation\":{\"rule\":\"required\"}}',8),(572,37,'created_at','timestamp','Created Datetime',0,0,1,0,0,0,'{}',9),(573,37,'updated_at','timestamp','Updated Datetime',0,0,1,0,0,0,'{}',10),(574,37,'created_by','text','Created By',0,0,1,0,0,0,'{}',11),(575,37,'updated_by','text','Updated By',0,0,1,0,0,0,'{}',12),(576,37,'agency_commission_configuration_belongsto_product_relationship','relationship','Product Code',1,1,1,1,1,1,'{\"model\":\"App\\\\Models\\\\Product\",\"table\":\"product\",\"type\":\"belongsTo\",\"column\":\"product_id\",\"key\":\"id\",\"label\":\"code\",\"pivot_table\":\"agency\",\"pivot\":\"0\",\"taggable\":\"0\"}',2),(577,23,'product_order_type','text','Type',0,1,1,0,0,0,'{}',13),(578,23,'client_name','text','Client Name',0,1,1,0,0,0,'{}',5),(579,23,'agent_id','text','Agent Id',0,1,0,0,0,0,'{}',10),(580,23,'agency_id','text','Agency Id',0,0,0,0,0,0,'{}',17),(581,23,'agreement_file_name','text','Agreement Number',0,1,1,0,0,0,'{}',2),(584,23,'product_order_belongsto_product_order_relationship','relationship','Client Type',0,1,1,0,0,0,'{\"model\":\"App\\\\Models\\\\ProductOrder\",\"table\":\"product_order\",\"type\":\"hasOne\",\"column\":\"id\",\"key\":\"id\",\"label\":\"client_type\",\"pivot_table\":\"agency\",\"pivot\":\"0\",\"taggable\":\"0\"}',4),(586,23,'product_order_hasone_product_order_relationship','relationship','Client ID',0,1,1,0,0,0,'{\"model\":\"App\\\\Models\\\\ProductOrder\",\"table\":\"product_order\",\"type\":\"hasOne\",\"column\":\"id\",\"key\":\"id\",\"label\":\"purchaser_id\",\"pivot_table\":\"agency\",\"pivot\":\"0\",\"taggable\":\"0\"}',3),(587,23,'product_order_belongsto_agent_relationship','relationship','Agent',0,1,1,0,0,0,'{\"model\":\"App\\\\Models\\\\Agent\",\"table\":\"agent\",\"type\":\"belongsTo\",\"column\":\"agent_id\",\"key\":\"id\",\"label\":\"agent_id\",\"pivot_table\":\"agency\",\"pivot\":\"0\",\"taggable\":\"0\"}',9),(588,23,'product_order_belongsto_app_user_relationship','relationship','Created By',0,1,1,0,0,0,'{\"model\":\"App\\\\Models\\\\AppUser\",\"table\":\"app_users\",\"type\":\"belongsTo\",\"column\":\"created_by\",\"key\":\"id\",\"label\":\"user_type\",\"pivot_table\":\"agency\",\"pivot\":\"0\",\"taggable\":\"0\"}',11);
/*!40000 ALTER TABLE `data_rows` ENABLE KEYS */;
UNLOCK TABLES;

--
-- Table structure for table `menus`
--

DROP TABLE IF EXISTS `menus`;
/*!40101 SET @saved_cs_client     = @@character_set_client */;
/*!50503 SET character_set_client = utf8mb4 */;
CREATE TABLE `menus` (
  `id` int unsigned NOT NULL AUTO_INCREMENT,
  `name` varchar(255) CHARACTER SET utf8mb4 COLLATE utf8mb4_unicode_ci NOT NULL,
  `created_at` timestamp NULL DEFAULT NULL,
  `updated_at` timestamp NULL DEFAULT NULL,
  PRIMARY KEY (`id`),
  UNIQUE KEY `menus_name_unique` (`name`)
) ENGINE=InnoDB AUTO_INCREMENT=2 DEFAULT CHARSET=utf8mb4 COLLATE=utf8mb4_unicode_ci;
/*!40101 SET character_set_client = @saved_cs_client */;

--
-- Dumping data for table `menus`
--

LOCK TABLES `menus` WRITE;
/*!40000 ALTER TABLE `menus` DISABLE KEYS */;
INSERT INTO `menus` VALUES (1,'admin','2024-09-25 19:11:15','2024-09-25 19:11:15');
/*!40000 ALTER TABLE `menus` ENABLE KEYS */;
UNLOCK TABLES;

--
-- Table structure for table `menu_items`
--

DROP TABLE IF EXISTS `menu_items`;
/*!40101 SET @saved_cs_client     = @@character_set_client */;
/*!50503 SET character_set_client = utf8mb4 */;
CREATE TABLE `menu_items` (
  `id` int unsigned NOT NULL AUTO_INCREMENT,
  `menu_id` int unsigned DEFAULT NULL,
  `title` varchar(255) CHARACTER SET utf8mb4 COLLATE utf8mb4_unicode_ci NOT NULL,
  `url` varchar(255) CHARACTER SET utf8mb4 COLLATE utf8mb4_unicode_ci NOT NULL,
  `target` varchar(255) CHARACTER SET utf8mb4 COLLATE utf8mb4_unicode_ci NOT NULL DEFAULT '_self',
  `icon_class` varchar(255) CHARACTER SET utf8mb4 COLLATE utf8mb4_unicode_ci DEFAULT NULL,
  `color` varchar(255) CHARACTER SET utf8mb4 COLLATE utf8mb4_unicode_ci DEFAULT NULL,
  `parent_id` int DEFAULT NULL,
  `order` int NOT NULL,
  `created_at` timestamp NULL DEFAULT NULL,
  `updated_at` timestamp NULL DEFAULT NULL,
  `route` varchar(255) CHARACTER SET utf8mb4 COLLATE utf8mb4_unicode_ci DEFAULT NULL,
  `parameters` text CHARACTER SET utf8mb4 COLLATE utf8mb4_unicode_ci,
  PRIMARY KEY (`id`),
  KEY `menu_items_menu_id_foreign` (`menu_id`),
  CONSTRAINT `menu_items_menu_id_foreign` FOREIGN KEY (`menu_id`) REFERENCES `menus` (`id`) ON DELETE CASCADE
) ENGINE=InnoDB AUTO_INCREMENT=59 DEFAULT CHARSET=utf8mb4 COLLATE=utf8mb4_unicode_ci;
/*!40101 SET character_set_client = @saved_cs_client */;

--
-- Dumping data for table `menu_items`
--

LOCK TABLES `menu_items` WRITE;
/*!40000 ALTER TABLE `menu_items` DISABLE KEYS */;
INSERT INTO `menu_items` VALUES (1,1,'Dashboard','','_self','voyager-boat',NULL,NULL,1,'2024-09-25 19:11:15','2024-09-25 19:11:15','voyager.dashboard',NULL),(3,1,'CMS Users','','_self','voyager-people','#000000',16,1,'2024-09-25 19:11:16','2025-01-08 03:38:24','voyager.users.index','null'),(4,1,'Roles','','_self','voyager-lock',NULL,16,2,'2024-09-25 19:11:16','2025-01-08 03:38:24','voyager.roles.index',NULL),(5,1,'Tools','','_self','voyager-tools',NULL,NULL,12,'2024-09-25 19:11:16','2025-01-27 02:17:34',NULL,NULL),(6,1,'Menu Builder','','_self','voyager-list',NULL,5,3,'2024-09-25 19:11:16','2025-01-08 03:36:28','voyager.menus.index',NULL),(7,1,'Database','','_self','voyager-data',NULL,5,4,'2024-09-25 19:11:16','2025-01-08 03:36:28','voyager.database.index',NULL),(8,1,'Compass','','_self','voyager-compass',NULL,5,5,'2024-09-25 19:11:16','2025-01-08 03:36:28','voyager.compass.index',NULL),(9,1,'BREAD','','_self','voyager-bread',NULL,5,6,'2024-09-25 19:11:16','2025-01-08 03:36:28','voyager.bread.index',NULL),(10,1,'Settings','','_self','voyager-settings',NULL,5,2,'2024-09-25 19:11:16','2025-01-08 03:36:28','voyager.settings.index',NULL),(14,1,'Agent','','_self','voyager-list','#000000',17,2,'2024-09-25 20:34:58','2024-12-10 02:00:55','voyager.agent.index','null'),(15,1,'Clients','','_self','voyager-list','#000000',17,1,'2024-09-25 20:37:20','2024-12-10 02:00:55','voyager.client.index','null'),(16,1,'Admin','','_self','voyager-person','#000000',NULL,11,'2024-09-25 22:11:58','2025-01-27 02:17:34',NULL,''),(17,1,'User Management','','_self','voyager-group','#000000',NULL,2,'2024-09-25 22:14:02','2024-12-03 01:54:25',NULL,''),(18,1,'Agency Profile','','_self','voyager-company','#000000',31,1,'2024-09-30 00:01:10','2024-12-17 09:28:43','voyager.agency.index','null'),(19,1,'Product Types','','_self','voyager-categories','#000000',27,1,'2024-09-30 00:12:49','2024-12-27 08:14:19','voyager.product-type.index','null'),(20,1,'Product List','','_self','voyager-window-list','#000000',27,2,'2024-09-30 00:26:47','2024-12-27 08:14:19','voyager.product.index','null'),(21,1,'Document Types','','_self','voyager-categories','#000000',47,1,'2024-09-30 00:39:39','2024-12-27 08:13:22','voyager.document-type.index','null'),(22,1,'Product Agreements','','_self','voyager-paper-plane','#000000',47,2,'2024-09-30 00:51:50','2024-12-27 08:13:22','voyager.product-agreement.index','null'),(24,1,'Bank Status','','_self','voyager-upload','#000000',NULL,10,'2024-09-30 01:44:31','2025-01-27 02:12:31','voyager.bank-file-upload.index','null'),(27,1,'Product','','_self','voyager-bag','#000000',NULL,5,'2024-10-11 10:02:57','2024-12-27 08:14:19',NULL,''),(28,1,'Product Orders','','_self','voyager-archive','#000000',27,3,'2024-10-11 10:12:37','2024-12-27 08:14:19','voyager.product-order.index','null'),(29,1,'Corporate','','_self','voyager-list','#000000',17,3,'2024-10-17 07:53:37','2024-12-10 07:21:28','voyager.corporate-client.index','null'),(30,1,'Redemption Details','','_self','voyager-receipt','#000000',27,5,'2024-12-06 05:48:40','2024-12-30 14:10:27','voyager.redemption-details.index','null'),(31,1,'Agency Management','','_self','voyager-folder','#000000',NULL,3,'2024-12-10 01:57:59','2024-12-10 02:00:16',NULL,''),(32,1,'Downline Management','','_self','voyager-double-down','#000000',31,2,'2024-12-10 01:59:26','2024-12-10 01:59:36','agent.downline',NULL),(34,1,'Dividend Management','','_self','voyager-bar-chart','#000000',NULL,7,'2024-12-17 03:38:56','2024-12-30 15:58:23',NULL,'null'),(35,1,'Finance','/admin/dividend-history','_self','voyager-window-list','#000000',34,1,'2024-12-17 03:41:59','2024-12-30 13:54:45',NULL,''),(36,1,'Checker','/admin/dividend_checker/','_self','voyager-check-circle','#000000',34,2,'2024-12-17 03:43:02','2024-12-30 13:54:45',NULL,''),(37,1,'Approver','/admin/dividend_approval','_self','voyager-star','#000000',34,3,'2024-12-17 03:43:26','2024-12-30 13:54:45',NULL,''),(38,1,'Finance','','_self','voyager-credit-cards','#000000',39,2,'2024-12-17 06:08:24','2025-01-16 08:12:45','voyager.product-commission-history.index','null'),(39,1,'Commission Management','','_self','voyager-credit-cards','#000000',NULL,8,'2024-12-17 06:09:06','2024-12-30 15:58:23',NULL,''),(40,1,'Checker','/admin/commission_checker','_self','voyager-check','#000000',39,3,'2024-12-17 06:26:51','2025-01-16 08:12:42',NULL,''),(41,1,'Approver','/admin/commission_approval','_self','voyager-star','#000000',39,4,'2024-12-17 06:27:58','2025-01-16 08:12:42',NULL,''),(42,1,'Product Order Finance','/admin/product-order-finance','_self','voyager-window-list','#000000',49,1,'2024-12-18 09:48:38','2024-12-30 14:10:13',NULL,''),(43,1,'Product Order Checker','/admin/product-order-checker','_self','voyager-check-circle','#000000',49,2,'2024-12-18 09:49:14','2024-12-30 14:10:23',NULL,''),(44,1,'Product Order Approver','/admin/product-order-approver','_self','voyager-star','#000000',49,3,'2024-12-18 09:49:51','2024-12-30 14:10:27',NULL,''),(46,1,'Product Agreement Schedules','','_self','voyager-calendar','#000000',47,3,'2024-12-27 08:11:35','2024-12-27 08:21:20','voyager.product-agreement-schedule.index','null'),(47,1,'Agreement Management','','_self','voyager-logbook','#000000',NULL,4,'2024-12-27 08:12:48','2024-12-27 08:14:19',NULL,''),(48,1,'Product Target Returns','','_self','voyager-rocket','#000000',27,4,'2024-12-30 13:50:00','2024-12-30 14:10:27','voyager.product-target-return.index','null'),(49,1,'Fund Management','','_self','voyager-archive','#000000',NULL,6,'2024-12-30 14:09:36','2024-12-30 15:58:23',NULL,''),(50,1,'Product Dividend Schedules','','_self','voyager-list','#000000',27,6,'2024-12-30 15:40:00','2024-12-30 15:58:41','voyager.product-dividend-schedule.index','null'),(51,1,'Maintenance Windows','','_self','voyager-warning','#000000',5,1,'2025-01-08 03:33:58','2025-01-08 03:36:28','voyager.maintenance-window.index','null'),(54,1,'Agency Commission Configurations','','_self','voyager-shop','#000000',39,1,'2025-01-16 08:12:12','2025-01-16 08:14:00','voyager.agency-commission-configuration.index','null'),(55,1,'Withdrawal Management','','_self','voyager-credit-card','#000000',NULL,9,'2025-01-27 02:12:13','2025-02-05 03:42:34',NULL,''),(57,1,'Checker','/admin/withdrawal-checker','_self','voyager-check-circle','#000000',55,2,'2025-01-27 02:17:19','2025-02-05 04:01:24',NULL,''),(58,1,'Approver','/admin/withdrawal-approver','_self','voyager-star','#000000',55,3,'2025-01-27 02:17:24','2025-02-05 04:01:05',NULL,'');
/*!40000 ALTER TABLE `menu_items` ENABLE KEYS */;
UNLOCK TABLES;

--
-- Table structure for table `permissions`
--

DROP TABLE IF EXISTS `permissions`;
/*!40101 SET @saved_cs_client     = @@character_set_client */;
/*!50503 SET character_set_client = utf8mb4 */;
CREATE TABLE `permissions` (
  `id` bigint unsigned NOT NULL AUTO_INCREMENT,
  `key` varchar(255) CHARACTER SET utf8mb4 COLLATE utf8mb4_unicode_ci NOT NULL,
  `table_name` varchar(255) CHARACTER SET utf8mb4 COLLATE utf8mb4_unicode_ci DEFAULT NULL,
  `created_at` timestamp NULL DEFAULT NULL,
  `updated_at` timestamp NULL DEFAULT NULL,
  PRIMARY KEY (`id`),
  KEY `permissions_key_index` (`key`)
) ENGINE=InnoDB AUTO_INCREMENT=156 DEFAULT CHARSET=utf8mb4 COLLATE=utf8mb4_unicode_ci;
/*!40101 SET character_set_client = @saved_cs_client */;

--
-- Dumping data for table `permissions`
--

LOCK TABLES `permissions` WRITE;
/*!40000 ALTER TABLE `permissions` DISABLE KEYS */;
INSERT INTO `permissions` VALUES (1,'browse_admin',NULL,'2024-09-25 19:11:16','2024-09-25 19:11:16'),(2,'browse_bread',NULL,'2024-09-25 19:11:16','2024-09-25 19:11:16'),(3,'browse_database',NULL,'2024-09-25 19:11:16','2024-09-25 19:11:16'),(4,'browse_media',NULL,'2024-09-25 19:11:16','2024-09-25 19:11:16'),(5,'browse_compass',NULL,'2024-09-25 19:11:16','2024-09-25 19:11:16'),(6,'browse_menus','menus','2024-09-25 19:11:16','2024-09-25 19:11:16'),(7,'read_menus','menus','2024-09-25 19:11:16','2024-09-25 19:11:16'),(8,'edit_menus','menus','2024-09-25 19:11:16','2024-09-25 19:11:16'),(9,'add_menus','menus','2024-09-25 19:11:16','2024-09-25 19:11:16'),(10,'delete_menus','menus','2024-09-25 19:11:16','2024-09-25 19:11:16'),(11,'browse_roles','roles','2024-09-25 19:11:16','2024-09-25 19:11:16'),(12,'read_roles','roles','2024-09-25 19:11:16','2024-09-25 19:11:16'),(13,'edit_roles','roles','2024-09-25 19:11:16','2024-09-25 19:11:16'),(14,'add_roles','roles','2024-09-25 19:11:16','2024-09-25 19:11:16'),(15,'delete_roles','roles','2024-09-25 19:11:16','2024-09-25 19:11:16'),(16,'browse_users','users','2024-09-25 19:11:16','2024-09-25 19:11:16'),(17,'read_users','users','2024-09-25 19:11:16','2024-09-25 19:11:16'),(18,'edit_users','users','2024-09-25 19:11:16','2024-09-25 19:11:16'),(19,'add_users','users','2024-09-25 19:11:16','2024-09-25 19:11:16'),(20,'delete_users','users','2024-09-25 19:11:16','2024-09-25 19:11:16'),(21,'browse_settings','settings','2024-09-25 19:11:16','2024-09-25 19:11:16'),(22,'read_settings','settings','2024-09-25 19:11:16','2024-09-25 19:11:16'),(23,'edit_settings','settings','2024-09-25 19:11:16','2024-09-25 19:11:16'),(24,'add_settings','settings','2024-09-25 19:11:16','2024-09-25 19:11:16'),(25,'delete_settings','settings','2024-09-25 19:11:16','2024-09-25 19:11:16'),(41,'browse_agent','agent','2024-09-25 20:34:58','2024-09-25 20:34:58'),(42,'read_agent','agent','2024-09-25 20:34:58','2024-09-25 20:34:58'),(43,'edit_agent','agent','2024-09-25 20:34:58','2024-09-25 20:34:58'),(44,'add_agent','agent','2024-09-25 20:34:58','2024-09-25 20:34:58'),(45,'delete_agent','agent','2024-09-25 20:34:58','2024-09-25 20:34:58'),(46,'browse_client','client','2024-09-25 20:37:20','2024-09-25 20:37:20'),(47,'read_client','client','2024-09-25 20:37:20','2024-09-25 20:37:20'),(48,'edit_client','client','2024-09-25 20:37:20','2024-09-25 20:37:20'),(49,'add_client','client','2024-09-25 20:37:20','2024-09-25 20:37:20'),(50,'delete_client','client','2024-09-25 20:37:20','2024-09-25 20:37:20'),(51,'browse_agency','agency','2024-09-30 00:01:10','2024-09-30 00:01:10'),(52,'read_agency','agency','2024-09-30 00:01:10','2024-09-30 00:01:10'),(53,'edit_agency','agency','2024-09-30 00:01:10','2024-09-30 00:01:10'),(54,'add_agency','agency','2024-09-30 00:01:10','2024-09-30 00:01:10'),(55,'delete_agency','agency','2024-09-30 00:01:10','2024-09-30 00:01:10'),(56,'browse_product_type','product_type','2024-09-30 00:12:49','2024-09-30 00:12:49'),(57,'read_product_type','product_type','2024-09-30 00:12:49','2024-09-30 00:12:49'),(58,'edit_product_type','product_type','2024-09-30 00:12:49','2024-09-30 00:12:49'),(59,'add_product_type','product_type','2024-09-30 00:12:49','2024-09-30 00:12:49'),(60,'delete_product_type','product_type','2024-09-30 00:12:49','2024-09-30 00:12:49'),(61,'browse_product','product','2024-09-30 00:26:47','2024-09-30 00:26:47'),(62,'read_product','product','2024-09-30 00:26:47','2024-09-30 00:26:47'),(63,'edit_product','product','2024-09-30 00:26:47','2024-09-30 00:26:47'),(64,'add_product','product','2024-09-30 00:26:47','2024-09-30 00:26:47'),(65,'delete_product','product','2024-09-30 00:26:47','2024-09-30 00:26:47'),(66,'browse_document_type','document_type','2024-09-30 00:39:39','2024-09-30 00:39:39'),(67,'read_document_type','document_type','2024-09-30 00:39:39','2024-09-30 00:39:39'),(68,'edit_document_type','document_type','2024-09-30 00:39:39','2024-09-30 00:39:39'),(69,'add_document_type','document_type','2024-09-30 00:39:39','2024-09-30 00:39:39'),(70,'delete_document_type','document_type','2024-09-30 00:39:39','2024-09-30 00:39:39'),(71,'browse_product_agreement','product_agreement','2024-09-30 00:51:50','2024-09-30 00:51:50'),(72,'read_product_agreement','product_agreement','2024-09-30 00:51:50','2024-09-30 00:51:50'),(73,'edit_product_agreement','product_agreement','2024-09-30 00:51:50','2024-09-30 00:51:50'),(74,'add_product_agreement','product_agreement','2024-09-30 00:51:50','2024-09-30 00:51:50'),(75,'delete_product_agreement','product_agreement','2024-09-30 00:51:50','2024-09-30 00:51:50'),(81,'browse_bank_file_upload','bank_file_upload','2024-09-30 01:44:31','2024-09-30 01:44:31'),(82,'read_bank_file_upload','bank_file_upload','2024-09-30 01:44:31','2024-09-30 01:44:31'),(83,'edit_bank_file_upload','bank_file_upload','2024-09-30 01:44:31','2024-09-30 01:44:31'),(84,'add_bank_file_upload','bank_file_upload','2024-09-30 01:44:31','2024-09-30 01:44:31'),(85,'delete_bank_file_upload','bank_file_upload','2024-09-30 01:44:31','2024-09-30 01:44:31'),(86,'browse_checker','checker','2024-09-30 01:45:07','2024-09-30 01:45:07'),(87,'read_checker','checker','2024-09-30 01:45:07','2024-09-30 01:45:07'),(88,'edit_checker','checker','2024-09-30 01:45:07','2024-09-30 01:45:07'),(89,'add_checker','checker','2024-09-30 01:45:07','2024-09-30 01:45:07'),(90,'delete_checker','checker','2024-09-30 01:45:07','2024-09-30 01:45:07'),(91,'browse_approver','approver','2024-09-30 01:45:20','2024-09-30 01:45:20'),(92,'read_approver','approver','2024-09-30 01:45:20','2024-09-30 01:45:20'),(93,'edit_approver','approver','2024-09-30 01:45:20','2024-09-30 01:45:20'),(94,'add_approver','approver','2024-09-30 01:45:20','2024-09-30 01:45:20'),(95,'delete_approver','approver','2024-09-30 01:45:20','2024-09-30 01:45:20'),(96,'browse_product_order','product_order','2024-10-11 10:12:37','2024-10-11 10:12:37'),(97,'read_product_order','product_order','2024-10-11 10:12:37','2024-10-11 10:12:37'),(98,'edit_product_order','product_order','2024-10-11 10:12:37','2024-10-11 10:12:37'),(99,'add_product_order','product_order','2024-10-11 10:12:37','2024-10-11 10:12:37'),(100,'delete_product_order','product_order','2024-10-11 10:12:37','2024-10-11 10:12:37'),(101,'browse_corporate_client','corporate_client','2024-10-17 07:53:37','2024-10-17 07:53:37'),(102,'read_corporate_client','corporate_client','2024-10-17 07:53:37','2024-10-17 07:53:37'),(103,'edit_corporate_client','corporate_client','2024-10-17 07:53:37','2024-10-17 07:53:37'),(104,'add_corporate_client','corporate_client','2024-10-17 07:53:37','2024-10-17 07:53:37'),(105,'delete_corporate_client','corporate_client','2024-10-17 07:53:37','2024-10-17 07:53:37'),(106,'browse_redemption_details','redemption_details','2024-12-06 05:48:40','2024-12-06 05:48:40'),(107,'read_redemption_details','redemption_details','2024-12-06 05:48:40','2024-12-06 05:48:40'),(108,'edit_redemption_details','redemption_details','2024-12-06 05:48:40','2024-12-06 05:48:40'),(109,'add_redemption_details','redemption_details','2024-12-06 05:48:40','2024-12-06 05:48:40'),(110,'delete_redemption_details','redemption_details','2024-12-06 05:48:40','2024-12-06 05:48:40'),(111,'browse_product_dividend_history','product_dividend_history','2024-12-17 03:38:55','2024-12-17 03:38:55'),(112,'read_product_dividend_history','product_dividend_history','2024-12-17 03:38:55','2024-12-17 03:38:55'),(113,'edit_product_dividend_history','product_dividend_history','2024-12-17 03:38:55','2024-12-17 03:38:55'),(114,'add_product_dividend_history','product_dividend_history','2024-12-17 03:38:55','2024-12-17 03:38:55'),(115,'delete_product_dividend_history','product_dividend_history','2024-12-17 03:38:55','2024-12-17 03:38:55'),(116,'browse_product_commission_history','product_commission_history','2024-12-17 06:08:24','2024-12-17 06:08:24'),(117,'read_product_commission_history','product_commission_history','2024-12-17 06:08:24','2024-12-17 06:08:24'),(118,'edit_product_commission_history','product_commission_history','2024-12-17 06:08:24','2024-12-17 06:08:24'),(119,'add_product_commission_history','product_commission_history','2024-12-17 06:08:24','2024-12-17 06:08:24'),(120,'delete_product_commission_history','product_commission_history','2024-12-17 06:08:24','2024-12-17 06:08:24'),(121,'browse_product_agreement_schedule','product_agreement_schedule','2024-12-27 08:11:35','2024-12-27 08:11:35'),(122,'read_product_agreement_schedule','product_agreement_schedule','2024-12-27 08:11:35','2024-12-27 08:11:35'),(123,'edit_product_agreement_schedule','product_agreement_schedule','2024-12-27 08:11:35','2024-12-27 08:11:35'),(124,'add_product_agreement_schedule','product_agreement_schedule','2024-12-27 08:11:35','2024-12-27 08:11:35'),(125,'delete_product_agreement_schedule','product_agreement_schedule','2024-12-27 08:11:35','2024-12-27 08:11:35'),(126,'browse_product_target_return','product_target_return','2024-12-30 13:49:59','2024-12-30 13:49:59'),(127,'read_product_target_return','product_target_return','2024-12-30 13:49:59','2024-12-30 13:49:59'),(128,'edit_product_target_return','product_target_return','2024-12-30 13:49:59','2024-12-30 13:49:59'),(129,'add_product_target_return','product_target_return','2024-12-30 13:49:59','2024-12-30 13:49:59'),(130,'delete_product_target_return','product_target_return','2024-12-30 13:49:59','2024-12-30 13:49:59'),(131,'browse_product_dividend_schedule','product_dividend_schedule','2024-12-30 15:40:00','2024-12-30 15:40:00'),(132,'read_product_dividend_schedule','product_dividend_schedule','2024-12-30 15:40:00','2024-12-30 15:40:00'),(133,'edit_product_dividend_schedule','product_dividend_schedule','2024-12-30 15:40:00','2024-12-30 15:40:00'),(134,'add_product_dividend_schedule','product_dividend_schedule','2024-12-30 15:40:00','2024-12-30 15:40:00'),(135,'delete_product_dividend_schedule','product_dividend_schedule','2024-12-30 15:40:00','2024-12-30 15:40:00'),(136,'browse_maintenance_window','maintenance_window','2025-01-08 03:33:58','2025-01-08 03:33:58'),(137,'read_maintenance_window','maintenance_window','2025-01-08 03:33:58','2025-01-08 03:33:58'),(138,'edit_maintenance_window','maintenance_window','2025-01-08 03:33:58','2025-01-08 03:33:58'),(139,'add_maintenance_window','maintenance_window','2025-01-08 03:33:58','2025-01-08 03:33:58'),(140,'delete_maintenance_window','maintenance_window','2025-01-08 03:33:58','2025-01-08 03:33:58'),(141,'browse_product_order_payment_receipt','product_order_payment_receipt','2025-01-08 05:50:42','2025-01-08 05:50:42'),(142,'read_product_order_payment_receipt','product_order_payment_receipt','2025-01-08 05:50:42','2025-01-08 05:50:42'),(143,'edit_product_order_payment_receipt','product_order_payment_receipt','2025-01-08 05:50:42','2025-01-08 05:50:42'),(144,'add_product_order_payment_receipt','product_order_payment_receipt','2025-01-08 05:50:42','2025-01-08 05:50:42'),(145,'delete_product_order_payment_receipt','product_order_payment_receipt','2025-01-08 05:50:42','2025-01-08 05:50:42'),(146,'browse_product_agency_commission_configuration','product_agency_commission_configuration','2025-01-16 08:10:53','2025-01-16 08:10:53'),(147,'read_product_agency_commission_configuration','product_agency_commission_configuration','2025-01-16 08:10:53','2025-01-16 08:10:53'),(148,'edit_product_agency_commission_configuration','product_agency_commission_configuration','2025-01-16 08:10:53','2025-01-16 08:10:53'),(149,'add_product_agency_commission_configuration','product_agency_commission_configuration','2025-01-16 08:10:53','2025-01-16 08:10:53'),(150,'delete_product_agency_commission_configuration','product_agency_commission_configuration','2025-01-16 08:10:53','2025-01-16 08:10:53'),(151,'browse_agency_commission_configuration','agency_commission_configuration','2025-01-16 08:12:12','2025-01-16 08:12:12'),(152,'read_agency_commission_configuration','agency_commission_configuration','2025-01-16 08:12:12','2025-01-16 08:12:12'),(153,'edit_agency_commission_configuration','agency_commission_configuration','2025-01-16 08:12:12','2025-01-16 08:12:12'),(154,'add_agency_commission_configuration','agency_commission_configuration','2025-01-16 08:12:12','2025-01-16 08:12:12'),(155,'delete_agency_commission_configuration','agency_commission_configuration','2025-01-16 08:12:12','2025-01-16 08:12:12');
/*!40000 ALTER TABLE `permissions` ENABLE KEYS */;
UNLOCK TABLES;

--
-- Table structure for table `roles`
--

DROP TABLE IF EXISTS `roles`;
/*!40101 SET @saved_cs_client     = @@character_set_client */;
/*!50503 SET character_set_client = utf8mb4 */;
CREATE TABLE `roles` (
  `id` bigint unsigned NOT NULL AUTO_INCREMENT,
  `name` varchar(255) CHARACTER SET utf8mb4 COLLATE utf8mb4_unicode_ci NOT NULL,
  `display_name` varchar(255) CHARACTER SET utf8mb4 COLLATE utf8mb4_unicode_ci NOT NULL,
  `created_at` timestamp NULL DEFAULT NULL,
  `updated_at` timestamp NULL DEFAULT NULL,
  PRIMARY KEY (`id`),
  UNIQUE KEY `roles_name_unique` (`name`)
) ENGINE=InnoDB AUTO_INCREMENT=3 DEFAULT CHARSET=utf8mb4 COLLATE=utf8mb4_unicode_ci;
/*!40101 SET character_set_client = @saved_cs_client */;

--
-- Dumping data for table `roles`
--

LOCK TABLES `roles` WRITE;
/*!40000 ALTER TABLE `roles` DISABLE KEYS */;
INSERT INTO `roles` VALUES (1,'admin','Administrator','2024-09-25 19:11:16','2024-09-25 19:11:16'),(2,'user','Normal User','2024-09-25 19:11:16','2024-09-25 19:11:16');
/*!40000 ALTER TABLE `roles` ENABLE KEYS */;
UNLOCK TABLES;

--
-- Table structure for table `permission_role`
--

DROP TABLE IF EXISTS `permission_role`;
/*!40101 SET @saved_cs_client     = @@character_set_client */;
/*!50503 SET character_set_client = utf8mb4 */;
CREATE TABLE `permission_role` (
  `permission_id` bigint unsigned NOT NULL,
  `role_id` bigint unsigned NOT NULL,
  PRIMARY KEY (`permission_id`,`role_id`),
  KEY `permission_role_permission_id_index` (`permission_id`),
  KEY `permission_role_role_id_index` (`role_id`),
  CONSTRAINT `permission_role_permission_id_foreign` FOREIGN KEY (`permission_id`) REFERENCES `permissions` (`id`) ON DELETE CASCADE,
  CONSTRAINT `permission_role_role_id_foreign` FOREIGN KEY (`role_id`) REFERENCES `roles` (`id`) ON DELETE CASCADE
) ENGINE=InnoDB DEFAULT CHARSET=utf8mb4 COLLATE=utf8mb4_unicode_ci;
/*!40101 SET character_set_client = @saved_cs_client */;

--
-- Dumping data for table `permission_role`
--

LOCK TABLES `permission_role` WRITE;
/*!40000 ALTER TABLE `permission_role` DISABLE KEYS */;
INSERT INTO `permission_role` VALUES (1,1),(1,2),(2,1),(2,2),(3,1),(3,2),(4,1),(4,2),(5,1),(5,2),(6,1),(6,2),(7,1),(7,2),(8,1),(8,2),(9,1),(9,2),(10,1),(10,2),(11,1),(11,2),(12,1),(12,2),(13,1),(13,2),(14,1),(14,2),(15,1),(15,2),(16,1),(16,2),(17,1),(17,2),(18,1),(18,2),(19,1),(19,2),(20,1),(20,2),(21,1),(22,1),(23,1),(24,1),(25,1),(41,1),(42,1),(43,1),(45,1),(46,1),(47,1),(48,1),(50,1),(51,1),(52,1),(53,1),(54,1),(55,1),(56,1),(57,1),(58,1),(59,1),(60,1),(61,1),(62,1),(63,1),(64,1),(65,1),(66,1),(67,1),(68,1),(69,1),(70,1),(71,1),(72,1),(73,1),(74,1),(75,1),(81,1),(83,1),(86,1),(87,1),(88,1),(89,1),(90,1),(91,1),(92,1),(93,1),(94,1),(95,1),(96,1),(97,1),(98,1),(99,1),(100,1),(101,1),(102,1),(103,1),(105,1),(106,1),(107,1),(108,1),(111,1),(112,1),(116,1),(117,1),(121,1),(122,1),(123,1),(124,1),(125,1),(126,1),(127,1),(128,1),(129,1),(130,1),(131,1),(132,1),(133,1),(134,1),(135,1),(136,1),(137,1),(138,1),(139,1),(140,1),(141,1),(142,1),(143,1),(144,1),(145,1),(146,1),(147,1),(148,1),(149,1),(150,1),(151,1),(152,1),(153,1),(154,1),(155,1);
/*!40000 ALTER TABLE `permission_role` ENABLE KEYS */;
UNLOCK TABLES;

--
-- Table structure for table `translations`
--

DROP TABLE IF EXISTS `translations`;
/*!40101 SET @saved_cs_client     = @@character_set_client */;
/*!50503 SET character_set_client = utf8mb4 */;
CREATE TABLE `translations` (
  `id` int unsigned NOT NULL AUTO_INCREMENT,
  `table_name` varchar(255) CHARACTER SET utf8mb4 COLLATE utf8mb4_unicode_ci NOT NULL,
  `column_name` varchar(255) CHARACTER SET utf8mb4 COLLATE utf8mb4_unicode_ci NOT NULL,
  `foreign_key` int unsigned NOT NULL,
  `locale` varchar(255) CHARACTER SET utf8mb4 COLLATE utf8mb4_unicode_ci NOT NULL,
  `value` text CHARACTER SET utf8mb4 COLLATE utf8mb4_unicode_ci NOT NULL,
  `created_at` timestamp NULL DEFAULT NULL,
  `updated_at` timestamp NULL DEFAULT NULL,
  PRIMARY KEY (`id`),
  UNIQUE KEY `translations_table_name_column_name_foreign_key_locale_unique` (`table_name`,`column_name`,`foreign_key`,`locale`)
) ENGINE=InnoDB AUTO_INCREMENT=31 DEFAULT CHARSET=utf8mb4 COLLATE=utf8mb4_unicode_ci;
/*!40101 SET character_set_client = @saved_cs_client */;

--
-- Dumping data for table `translations`
--

LOCK TABLES `translations` WRITE;
/*!40000 ALTER TABLE `translations` DISABLE KEYS */;
INSERT INTO `translations` VALUES (1,'data_types','display_name_singular',5,'pt','Post','2024-09-25 19:12:42','2024-09-25 19:12:42'),(2,'data_types','display_name_singular',6,'pt','PО“ГІВјв”ңв”ӨО“Г¶ВЈО“Г»ГҙО“Г¶ВјО“ГІВҘв•¬Гҙв”ңв•ўв”¬Гәв•¬Гҙв”ңв•ўв”ңв–’О“ГІВјв”ңв”ӨО“Г¶ВЈО“ГІГіО“Г¶Вјв”ңв•‘О“ГІВјв”ңв”ӨО“Г¶ВЈО“ГІГ№О“Г¶ВЈО“Г¶ГұО“ГІВјв”ңв”ӨО“Г¶ВЈО“ГІГіО“Г¶ВјО“ГІВҘО“ГІВјв”ңв”ӨО“Г¶ВЈО“Г»ГҙО“Г¶Вјв”ңГҰв•¬Гҙв”ңв–“в”¬в•қО“Г¶ВЈО“Г¶Гұв•¬Гҙв”ңв•ўв”¬Гәв•¬Гҙв”ңв–“в”ңв”Ӯв•¬Гҙв”ңв•ўв”¬в•қО“Г¶ВЈО“ГІГҰв•¬Гҙв”ңв–“в”¬в•қО“Г¶ВЈО“Г¶Гұв•¬Гҙв”ңв•ўв”¬Гәв•¬Гҙв”ңв–“в”ңв”Ӯв•¬Гҙв”ңв•ўв”¬Гәв•¬Гҙв”ңв•—в”ңГҘО“ГІВјв”ңв”ӨО“Г¶ВЈО“Г»ГҙО“Г¶ВјО“ГІВҘв•¬Гҙв”ңв•ўв”¬Гәв•¬Гҙв”ңв•ўв”ңв–’О“ГІВјв”ңв”ӨО“Г¶ВЈО“ГІГіО“Г¶Вјв”ңв•‘О“ГІВјв”ңв”ӨО“Г¶ВЈО“Г»ГҙО“Г¶ВЈО“Г¶Г©О“ГІВјв”ңв”ӨО“Г¶ВЈО“ГІГіО“Г¶ВјО“ГІВҘв•¬Гҙв”ңв•ўв”¬Гәв•¬Гҙв”ңв–“в”ңВӘО“ГІВјв”ңв”ӨО“Г¶ВЈО“Г»ГҙО“Г¶ВјО“ГІВҘв•¬Гҙв”ңв•ўв”¬Гәв•¬Гҙв”ңв•ўв”ңв–’О“ГІВјв”ңв”ӨО“Г¶ВЈО“ГІГіО“Г¶Вјв”ңв•‘О“ГІВјв”ңв”ӨО“Г¶ВЈО“ГІГ№О“Г¶ВЈО“Г¶ГұО“ГІВјв”ңв”ӨО“Г¶ВЈО“ГІГіО“Г¶Вјв”ңв•‘О“ГІВјв”ңв”ӨО“Г¶ВЈО“ГІГіО“Г¶ВЈО“Г®ГүО“ГІВјв”ңв”ӨО“Г¶ВЈО“Г»ГҙО“Г¶ВјО“ГІВҘв•¬Гҙв”ңв•ўв”¬Гәв•¬Гҙв”ңв•ўв”ңв–’О“ГІВјв”ңв”ӨО“Г¶ВЈО“ГІГіО“Г¶Вјв”ңв•‘О“ГІВјв”ңв”ӨО“Г¶ВЈО“Г»ГҙО“Г¶ВЈО“Г¶Г©О“ГІВјв”ңв”ӨО“Г¶ВЈО“ГІГіО“Г¶ВјО“ГІВҘО“ГІВјв”ңв”ӨО“Г¶ВЈО“Г»ГҙО“Г¶Вјв”ңГҰв•¬Гҙв”ңв–“в”¬в•қО“Г¶ВЈО“Г¶Гұв•¬Гҙв”ңв•ўв”¬Гәв•¬Гҙв”ңв–“в”ңв”Ӯв•¬Гҙв”ңв•ўв”¬в•қО“Г¶ВЈО“ГІГҰв•¬Гҙв”ңв–“в”¬в•қО“Г¶ВЈО“Г¶Гұв•¬Гҙв”ңв•ўв”¬Гәв•¬Гҙв”ңв•—в”ңв”Өв•¬Гҙв”ңв•ўв”¬ГәО“Г¶Вјв”¬Вјв•¬Гҙв”ңв–“в”¬в•қО“Г¶ВЈО“Г¶Гұв•¬Гҙв”ңв•ўв”¬Гәв•¬Гҙв”ңв•—в”ңв”Өв•¬Гҙв”ңв•ўв”¬в•қв•¬Гҙв”ңв–“в”¬Г‘О“ГІВјв”ңв”ӨО“Г¶ВЈО“ГІГіО“Г¶Вјв”ңв•‘О“ГІВјв”ңв”ӨО“Г¶ВЈО“ГІГіО“Г¶ВЈО“Г»ГҶв•¬Гҙв”ңв–“в”¬в•қО“Г¶ВЈО“Г¶Гұв•¬Гҙв”ңв•ўв”¬Гәв•¬Гҙв”ңв–“в”ңв”Ӯв•¬Гҙв”ңв•ўв”¬в•қО“Г¶ВЈО“ГІГҰв•¬Гҙв”ңв–“в”¬в•қО“Г¶ВЈО“Г¶Гұв•¬Гҙв”ңв•ўв”¬Гәв•¬Гҙв”ңв•—в”ңв”Өв•¬Гҙв”ңв•ўв”¬Гәв•¬Гҙв”ңв•ўв”ңвҢҗв•¬Гҙв”ңв–“в”¬в•қО“Г¶ВЈО“Г¶Гұв•¬Гҙв”ңв•ўв”¬Гәв•¬Гҙв”ңв–“в”ңв”Ӯв•¬Гҙв”ңв•ўв”¬в•қв•¬Гҙв”ңв–“в”¬Г‘О“ГІВјв”ңв”ӨО“Г¶ВЈО“ГІГіО“Г¶Вјв”ңв•‘О“ГІВјв”ңв”ӨО“Г¶ВЈО“Г»ГҙО“Г¶ВЈв”¬В¬О“ГІВјв”ңв”ӨО“Г¶ВЈО“Г»ГҙО“Г¶ВјО“ГІВҘв•¬Гҙв”ңв•ўв”¬Гәв•¬Гҙв”ңв•ўв”ңв–’О“ГІВјв”ңв”ӨО“Г¶ВЈО“ГІГіО“Г¶Вјв”ңв•‘О“ГІВјв”ңв”ӨО“Г¶ВЈО“Г»ГҙО“Г¶ВЈО“Г¶Г©О“ГІВјв”ңв”ӨО“Г¶ВЈО“ГІГіО“Г¶ВјО“ГІВҘО“ГІВјв”ңв”ӨО“Г¶ВЈО“Г»ГҙО“Г¶Вјв”ңГҰв•¬Гҙв”ңв–“в”¬в•қО“Г¶ВЈО“Г¶Гұв•¬Гҙв”ңв•ўв”¬Гәв•¬Гҙв”ңв–“в”ңв”Ӯв•¬Гҙв”ңв•ўв”¬в•қО“Г¶ВЈО“ГІГҰО“ГІВјв”ңв”ӨО“Г¶ВЈО“ГІГіО“Г¶ВјО“ГІВҘв•¬Гҙв”ңв•ўв”¬ГәО“Г¶Вјв”ңВЎgina','2024-09-25 19:12:42','2024-09-25 19:12:42'),(3,'data_types','display_name_singular',1,'pt','Utilizador','2024-09-25 19:12:42','2024-09-25 19:12:42'),(4,'data_types','display_name_singular',4,'pt','Categoria','2024-09-25 19:12:42','2024-09-25 19:12:42'),(5,'data_types','display_name_singular',2,'pt','Menu','2024-09-25 19:12:42','2024-09-25 19:12:42'),(6,'data_types','display_name_singular',3,'pt','FunО“ГІВјв”ңв”ӨО“Г¶ВЈО“Г»ГҙО“Г¶ВјО“ГІВҘв•¬Гҙв”ңв•ўв”¬Гәв•¬Гҙв”ңв•ўв”ңв–’О“ГІВјв”ңв”ӨО“Г¶ВЈО“ГІГіО“Г¶Вјв”ңв•‘О“ГІВјв”ңв”ӨО“Г¶ВЈО“ГІГ№О“Г¶ВЈО“Г¶ГұО“ГІВјв”ңв”ӨО“Г¶ВЈО“ГІГіО“Г¶ВјО“ГІВҘО“ГІВјв”ңв”ӨО“Г¶ВЈО“Г»ГҙО“Г¶Вјв”ңГҰв•¬Гҙв”ңв–“в”¬в•қО“Г¶ВЈО“Г¶Гұв•¬Гҙв”ңв•ўв”¬Гәв•¬Гҙв”ңв–“в”ңв”Ӯв•¬Гҙв”ңв•ўв”¬в•қО“Г¶ВЈО“ГІГҰв•¬Гҙв”ңв–“в”¬в•қО“Г¶ВЈО“Г¶Гұв•¬Гҙв”ңв•ўв”¬Гәв•¬Гҙв”ңв–“в”ңв”Ӯв•¬Гҙв”ңв•ўв”¬Гәв•¬Гҙв”ңв•—в”ңГҘО“ГІВјв”ңв”ӨО“Г¶ВЈО“Г»ГҙО“Г¶ВјО“ГІВҘв•¬Гҙв”ңв•ўв”¬Гәв•¬Гҙв”ңв•ўв”ңв–’О“ГІВјв”ңв”ӨО“Г¶ВЈО“ГІГіО“Г¶Вјв”ңв•‘О“ГІВјв”ңв”ӨО“Г¶ВЈО“Г»ГҙО“Г¶ВЈО“Г¶Г©О“ГІВјв”ңв”ӨО“Г¶ВЈО“ГІГіО“Г¶ВјО“ГІВҘв•¬Гҙв”ңв•ўв”¬Гәв•¬Гҙв”ңв–“в”ңВӘО“ГІВјв”ңв”ӨО“Г¶ВЈО“Г»ГҙО“Г¶ВјО“ГІВҘв•¬Гҙв”ңв•ўв”¬Гәв•¬Гҙв”ңв•ўв”ңв–’О“ГІВјв”ңв”ӨО“Г¶ВЈО“ГІГіО“Г¶Вјв”ңв•‘О“ГІВјв”ңв”ӨО“Г¶ВЈО“ГІГ№О“Г¶ВЈО“Г¶ГұО“ГІВјв”ңв”ӨО“Г¶ВЈО“ГІГіО“Г¶Вјв”ңв•‘О“ГІВјв”ңв”ӨО“Г¶ВЈО“ГІГіО“Г¶ВЈО“Г®ГүО“ГІВјв”ңв”ӨО“Г¶ВЈО“Г»ГҙО“Г¶ВјО“ГІВҘв•¬Гҙв”ңв•ўв”¬Гәв•¬Гҙв”ңв•ўв”ңв–’О“ГІВјв”ңв”ӨО“Г¶ВЈО“ГІГіО“Г¶Вјв”ңв•‘О“ГІВјв”ңв”ӨО“Г¶ВЈО“Г»ГҙО“Г¶ВЈО“Г¶Г©О“ГІВјв”ңв”ӨО“Г¶ВЈО“ГІГіО“Г¶ВјО“ГІВҘО“ГІВјв”ңв”ӨО“Г¶ВЈО“Г»ГҙО“Г¶Вјв”ңГҰв•¬Гҙв”ңв–“в”¬в•қО“Г¶ВЈО“Г¶Гұв•¬Гҙв”ңв•ўв”¬Гәв•¬Гҙв”ңв–“в”ңв”Ӯв•¬Гҙв”ңв•ўв”¬в•қО“Г¶ВЈО“ГІГҰв•¬Гҙв”ңв–“в”¬в•қО“Г¶ВЈО“Г¶Гұв•¬Гҙв”ңв•ўв”¬Гәв•¬Гҙв”ңв•—в”ңв”Өв•¬Гҙв”ңв•ўв”¬ГәО“Г¶Вјв”¬Вјв•¬Гҙв”ңв–“в”¬в•қО“Г¶ВЈО“Г¶Гұв•¬Гҙв”ңв•ўв”¬Гәв•¬Гҙв”ңв•—в”ңв”Өв•¬Гҙв”ңв•ўв”¬в•қв•¬Гҙв”ңв–“в”¬Г‘О“ГІВјв”ңв”ӨО“Г¶ВЈО“ГІГіО“Г¶Вјв”ңв•‘О“ГІВјв”ңв”ӨО“Г¶ВЈО“ГІГіО“Г¶ВЈО“Г»ГҶв•¬Гҙв”ңв–“в”¬в•қО“Г¶ВЈО“Г¶Гұв•¬Гҙв”ңв•ўв”¬Гәв•¬Гҙв”ңв–“в”ңв”Ӯв•¬Гҙв”ңв•ўв”¬в•қО“Г¶ВЈО“ГІГҰв•¬Гҙв”ңв–“в”¬в•қО“Г¶ВЈО“Г¶Гұв•¬Гҙв”ңв•ўв”¬Гәв•¬Гҙв”ңв•—в”ңв”Өв•¬Гҙв”ңв•ўв”¬Гәв•¬Гҙв”ңв•ўв”ңвҢҗв•¬Гҙв”ңв–“в”¬в•қО“Г¶ВЈО“Г¶Гұв•¬Гҙв”ңв•ўв”¬Гәв•¬Гҙв”ңв–“в”ңв”Ӯв•¬Гҙв”ңв•ўв”¬в•қв•¬Гҙв”ңв–“в”¬Г‘в•¬Гҙв”ңв–“в”¬в•қО“Г¶ВЈО“Г¶Гұв•¬Гҙв”ңв•ўв”¬Гәв•¬Гҙв”ңв•—в”ңв”Өв•¬Гҙв”ңв•ўв”¬в•қО“Г¶ВЈв”ңВӘв•¬Гҙв”ңв–“в”¬в•қО“Г¶ВЈО“Г¶Гұв•¬Гҙв”ңв•ўв”¬Гәв•¬Гҙв”ңв•—в”ңв”Өв•¬Гҙв”ңв•ўв”¬в•қв•¬Гҙв”ңв–“в”¬Г‘О“ГІВјв”ңв”ӨО“Г¶ВЈО“ГІГіО“Г¶Вјв”ңв•‘О“ГІВјв”ңв”ӨО“Г¶ВЈО“ГІГіО“Г¶ВЈО“Г»ГҶв•¬Гҙв”ңв–“в”¬в•қО“Г¶ВЈО“Г¶Гұв•¬Гҙв”ңв•ўв”¬Гәв•¬Гҙв”ңв–“в”ңв”Ӯв•¬Гҙв”ңв•ўв”¬в•қО“Г¶ВЈО“ГІГҰв•¬Гҙв”ңв–“в”¬в•қО“Г¶ВЈО“Г¶Гұв•¬Гҙв”ңв•ўв”¬Гәв•¬Гҙв”ңв–“в”ңв•Јв•¬Гҙв”ңв•ўв”¬Гәв•¬Гҙв”ңв•ўв”ңв–’в•¬Гҙв”ңв–“в”¬в•қО“Г¶ВЈО“Г¶Гұв•¬Гҙв”ңв•ўв”¬Гәв•¬Гҙв”ңв–“в”ңв”Ӯв•¬Гҙв”ңв•ўв”¬в•қО“Г¶ВЈО“ГІГҰО“ГІВјв”ңв”ӨО“Г¶ВЈО“ГІГіО“Г¶ВјО“ГІВҘв•¬Гҙв”ңв•ўв”¬в•қО“Г¶ВјО“ГІВҘО“ГІВјв”ңв”ӨО“Г¶ВЈО“Г»ГҙО“Г¶ВјО“ГІВҘв•¬Гҙв”ңв•ўв”¬Гәв•¬Гҙв”ңв•ўв”ңв–’О“ГІВјв”ңв”ӨО“Г¶ВЈО“ГІГіО“Г¶Вјв”ңв•‘О“ГІВјв”ңв”ӨО“Г¶ВЈО“ГІГ№О“Г¶ВЈО“Г¶ГұО“ГІВјв”ңв”ӨО“Г¶ВЈО“ГІГіО“Г¶ВјО“ГІВҘО“ГІВјв”ңв”ӨО“Г¶ВЈО“Г»ГҙО“Г¶Вјв”ңГҰв•¬Гҙв”ңв–“в”¬в•қО“Г¶ВЈО“Г¶Гұв•¬Гҙв”ңв•ўв”¬Гәв•¬Гҙв”ңв–“в”ңв”Ӯв•¬Гҙв”ңв•ўв”¬в•қО“Г¶ВЈО“ГІГҰв•¬Гҙв”ңв–“в”¬в•қО“Г¶ВЈО“Г¶Гұв•¬Гҙв”ңв•ўв”¬Гәв•¬Гҙв”ңв–“в”ңв”Ӯв•¬Гҙв”ңв•ўв”¬Гәв•¬Гҙв”ңв•—в”ңГҘО“ГІВјв”ңв”ӨО“Г¶ВЈО“Г»ГҙО“Г¶ВјО“ГІВҘв•¬Гҙв”ңв•ўв”¬Гәв•¬Гҙв”ңв•ўв”ңв–’О“ГІВјв”ңв”ӨО“Г¶ВЈО“ГІГіО“Г¶Вјв”ңв•‘О“ГІВјв”ңв”ӨО“Г¶ВЈО“Г»ГҙО“Г¶ВЈО“Г¶Г©О“ГІВјв”ңв”ӨО“Г¶ВЈО“ГІГіО“Г¶ВјО“ГІВҘв•¬Гҙв”ңв•ўв”¬Гәв•¬Гҙв”ңв–“в”ңВӘО“ГІВјв”ңв”ӨО“Г¶ВЈО“Г»ГҙО“Г¶ВјО“ГІВҘв•¬Гҙв”ңв•ўв”¬Гәв•¬Гҙв”ңв•ўв”ңв–’О“ГІВјв”ңв”ӨО“Г¶ВЈО“ГІГіО“Г¶Вјв”ңв•‘О“ГІВјв”ңв”ӨО“Г¶ВЈО“ГІГ№О“Г¶ВЈО“Г¶ГұО“ГІВјв”ңв”ӨО“Г¶ВЈО“ГІГіО“Г¶Вјв”ңв•‘О“ГІВјв”ңв”ӨО“Г¶ВЈО“ГІГіО“Г¶ВЈО“Г®ГүО“ГІВјв”ңв”ӨО“Г¶ВЈО“Г»ГҙО“Г¶ВјО“ГІВҘв•¬Гҙв”ңв•ўв”¬Гәв•¬Гҙв”ңв•ўв”ңв–’О“ГІВјв”ңв”ӨО“Г¶ВЈО“ГІГіО“Г¶Вјв”ңв•‘О“ГІВјв”ңв”ӨО“Г¶ВЈО“Г»ГҙО“Г¶ВЈО“Г¶Г©О“ГІВјв”ңв”ӨО“Г¶ВЈО“ГІГіО“Г¶ВјО“ГІВҘО“ГІВјв”ңв”ӨО“Г¶ВЈО“Г»ГҙО“Г¶Вјв”ңГҰв•¬Гҙв”ңв–“в”¬в•қО“Г¶ВЈО“Г¶Гұв•¬Гҙв”ңв•ўв”¬Гәв•¬Гҙв”ңв–“в”ңв”Ӯв•¬Гҙв”ңв•ўв”¬в•қО“Г¶ВЈО“ГІГҰв•¬Гҙв”ңв–“в”¬в•қО“Г¶ВЈО“Г¶Гұв•¬Гҙв”ңв•ўв”¬Гәв•¬Гҙв”ңв•—в”ңв”Өв•¬Гҙв”ңв•ўв”¬ГәО“Г¶Вјв”¬Вјв•¬Гҙв”ңв–“в”¬в•қО“Г¶ВЈО“Г¶Гұв•¬Гҙв”ңв•ўв”¬Гәв•¬Гҙв”ңв•—в”ңв”Өв•¬Гҙв”ңв•ўв”¬в•қв•¬Гҙв”ңв–“в”¬Г‘О“ГІВјв”ңв”ӨО“Г¶ВЈО“ГІГіО“Г¶Вјв”ңв•‘О“ГІВјв”ңв”ӨО“Г¶ВЈО“ГІГіО“Г¶ВЈО“Г»ГҶв•¬Гҙв”ңв–“в”¬в•қО“Г¶ВЈО“Г¶Гұв•¬Гҙв”ңв•ўв”¬Гәв•¬Гҙв”ңв–“в”ңв”Ӯв•¬Гҙв”ңв•ўв”¬в•қО“Г¶ВЈО“ГІГҰв•¬Гҙв”ңв–“в”¬в•қО“Г¶ВЈО“Г¶Гұв•¬Гҙв”ңв•ўв”¬Гәв•¬Гҙв”ңв•—в”ңв”Өв•¬Гҙв”ңв•ўв”¬Гәв•¬Гҙв”ңв•ўв”ңвҢҗв•¬Гҙв”ңв–“в”¬в•қО“Г¶ВЈО“Г¶Гұв•¬Гҙв”ңв•ўв”¬Гәв•¬Гҙв”ңв–“в”ңв”Ӯв•¬Гҙв”ңв•ўв”¬в•қв•¬Гҙв”ңв–“в”¬Г‘О“ГІВјв”ңв”ӨО“Г¶ВЈО“ГІГіО“Г¶Вјв”ңв•‘О“ГІВјв”ңв”ӨО“Г¶ВЈО“Г»ГҙО“Г¶ВЈв”¬В¬в•¬Гҙв”ңв–“в”¬в•қО“Г¶ВЈО“Г¶Гұв•¬Гҙв”ңв•ўв”¬Гәв•¬Гҙв”ңв•—в”ңв”Өв•¬Гҙв”ңв•ўв”¬в•қв•¬Гҙв”ңв–“в”¬Г‘О“ГІВјв”ңв”ӨО“Г¶ВЈО“ГІГіО“Г¶Вјв”ңв•‘О“ГІВјв”ңв”ӨО“Г¶ВЈО“ГІГіО“Г¶ВЈО“Г»ГҶв•¬Гҙв”ңв–“в”¬в•қО“Г¶ВЈО“Г¶Гұв•¬Гҙв”ңв•ўв”¬Гәв•¬Гҙв”ңв–“в”ңв”Ӯв•¬Гҙв”ңв•ўв”¬в•қО“Г¶ВЈО“ГІГҰв•¬Гҙв”ңв–“в”¬в•қО“Г¶ВЈО“Г¶Гұв•¬Гҙв”ңв•ўв”¬Гәв•¬Гҙв”ңв–“в”ңв•Јв•¬Гҙв”ңв•ўв”¬Гәв•¬Гҙв”ңв•ўв”ңв–’в•¬Гҙв”ңв–“в”¬в•қО“Г¶ВЈО“Г¶Гұв•¬Гҙв”ңв•ўв”¬Гәв•¬Гҙв”ңв–“в”ңв”Ӯв•¬Гҙв”ңв•ўв”¬в•қО“Г¶ВЈО“ГІГҰО“ГІВјв”ңв”ӨО“Г¶ВЈО“ГІГіО“Г¶ВјО“ГІВҘв•¬Гҙв”ңв•ўв”¬в•қО“Г¶ВјО“ГІВҘo','2024-09-25 19:12:42','2024-09-25 19:12:42'),(7,'data_types','display_name_plural',5,'pt','Posts','2024-09-25 19:12:42','2024-09-25 19:12:42'),(8,'data_types','display_name_plural',6,'pt','PО“ГІВјв”ңв”ӨО“Г¶ВЈО“Г»ГҙО“Г¶ВјО“ГІВҘв•¬Гҙв”ңв•ўв”¬Гәв•¬Гҙв”ңв•ўв”ңв–’О“ГІВјв”ңв”ӨО“Г¶ВЈО“ГІГіО“Г¶Вјв”ңв•‘О“ГІВјв”ңв”ӨО“Г¶ВЈО“ГІГ№О“Г¶ВЈО“Г¶ГұО“ГІВјв”ңв”ӨО“Г¶ВЈО“ГІГіО“Г¶ВјО“ГІВҘО“ГІВјв”ңв”ӨО“Г¶ВЈО“Г»ГҙО“Г¶Вјв”ңГҰв•¬Гҙв”ңв–“в”¬в•қО“Г¶ВЈО“Г¶Гұв•¬Гҙв”ңв•ўв”¬Гәв•¬Гҙв”ңв–“в”ңв”Ӯв•¬Гҙв”ңв•ўв”¬в•қО“Г¶ВЈО“ГІГҰв•¬Гҙв”ңв–“в”¬в•қО“Г¶ВЈО“Г¶Гұв•¬Гҙв”ңв•ўв”¬Гәв•¬Гҙв”ңв–“в”ңв”Ӯв•¬Гҙв”ңв•ўв”¬Гәв•¬Гҙв”ңв•—в”ңГҘО“ГІВјв”ңв”ӨО“Г¶ВЈО“Г»ГҙО“Г¶ВјО“ГІВҘв•¬Гҙв”ңв•ўв”¬Гәв•¬Гҙв”ңв•ўв”ңв–’О“ГІВјв”ңв”ӨО“Г¶ВЈО“ГІГіО“Г¶Вјв”ңв•‘О“ГІВјв”ңв”ӨО“Г¶ВЈО“Г»ГҙО“Г¶ВЈО“Г¶Г©О“ГІВјв”ңв”ӨО“Г¶ВЈО“ГІГіО“Г¶ВјО“ГІВҘв•¬Гҙв”ңв•ўв”¬Гәв•¬Гҙв”ңв–“в”ңВӘО“ГІВјв”ңв”ӨО“Г¶ВЈО“Г»ГҙО“Г¶ВјО“ГІВҘв•¬Гҙв”ңв•ўв”¬Гәв•¬Гҙв”ңв•ўв”ңв–’О“ГІВјв”ңв”ӨО“Г¶ВЈО“ГІГіО“Г¶Вјв”ңв•‘О“ГІВјв”ңв”ӨО“Г¶ВЈО“ГІГ№О“Г¶ВЈО“Г¶ГұО“ГІВјв”ңв”ӨО“Г¶ВЈО“ГІГіО“Г¶Вјв”ңв•‘О“ГІВјв”ңв”ӨО“Г¶ВЈО“ГІГіО“Г¶ВЈО“Г®ГүО“ГІВјв”ңв”ӨО“Г¶ВЈО“Г»ГҙО“Г¶ВјО“ГІВҘв•¬Гҙв”ңв•ўв”¬Гәв•¬Гҙв”ңв•ўв”ңв–’О“ГІВјв”ңв”ӨО“Г¶ВЈО“ГІГіО“Г¶Вјв”ңв•‘О“ГІВјв”ңв”ӨО“Г¶ВЈО“Г»ГҙО“Г¶ВЈО“Г¶Г©О“ГІВјв”ңв”ӨО“Г¶ВЈО“ГІГіО“Г¶ВјО“ГІВҘО“ГІВјв”ңв”ӨО“Г¶ВЈО“Г»ГҙО“Г¶Вјв”ңГҰв•¬Гҙв”ңв–“в”¬в•қО“Г¶ВЈО“Г¶Гұв•¬Гҙв”ңв•ўв”¬Гәв•¬Гҙв”ңв–“в”ңв”Ӯв•¬Гҙв”ңв•ўв”¬в•қО“Г¶ВЈО“ГІГҰв•¬Гҙв”ңв–“в”¬в•қО“Г¶ВЈО“Г¶Гұв•¬Гҙв”ңв•ўв”¬Гәв•¬Гҙв”ңв•—в”ңв”Өв•¬Гҙв”ңв•ўв”¬ГәО“Г¶Вјв”¬Вјв•¬Гҙв”ңв–“в”¬в•қО“Г¶ВЈО“Г¶Гұв•¬Гҙв”ңв•ўв”¬Гәв•¬Гҙв”ңв•—в”ңв”Өв•¬Гҙв”ңв•ўв”¬в•қв•¬Гҙв”ңв–“в”¬Г‘О“ГІВјв”ңв”ӨО“Г¶ВЈО“ГІГіО“Г¶Вјв”ңв•‘О“ГІВјв”ңв”ӨО“Г¶ВЈО“ГІГіО“Г¶ВЈО“Г»ГҶв•¬Гҙв”ңв–“в”¬в•қО“Г¶ВЈО“Г¶Гұв•¬Гҙв”ңв•ўв”¬Гәв•¬Гҙв”ңв–“в”ңв”Ӯв•¬Гҙв”ңв•ўв”¬в•қО“Г¶ВЈО“ГІГҰв•¬Гҙв”ңв–“в”¬в•қО“Г¶ВЈО“Г¶Гұв•¬Гҙв”ңв•ўв”¬Гәв•¬Гҙв”ңв•—в”ңв”Өв•¬Гҙв”ңв•ўв”¬Гәв•¬Гҙв”ңв•ўв”ңвҢҗв•¬Гҙв”ңв–“в”¬в•қО“Г¶ВЈО“Г¶Гұв•¬Гҙв”ңв•ўв”¬Гәв•¬Гҙв”ңв–“в”ңв”Ӯв•¬Гҙв”ңв•ўв”¬в•қв•¬Гҙв”ңв–“в”¬Г‘О“ГІВјв”ңв”ӨО“Г¶ВЈО“ГІГіО“Г¶Вјв”ңв•‘О“ГІВјв”ңв”ӨО“Г¶ВЈО“Г»ГҙО“Г¶ВЈв”¬В¬О“ГІВјв”ңв”ӨО“Г¶ВЈО“Г»ГҙО“Г¶ВјО“ГІВҘв•¬Гҙв”ңв•ўв”¬Гәв•¬Гҙв”ңв•ўв”ңв–’О“ГІВјв”ңв”ӨО“Г¶ВЈО“ГІГіО“Г¶Вјв”ңв•‘О“ГІВјв”ңв”ӨО“Г¶ВЈО“Г»ГҙО“Г¶ВЈО“Г¶Г©О“ГІВјв”ңв”ӨО“Г¶ВЈО“ГІГіО“Г¶ВјО“ГІВҘО“ГІВјв”ңв”ӨО“Г¶ВЈО“Г»ГҙО“Г¶Вјв”ңГҰв•¬Гҙв”ңв–“в”¬в•қО“Г¶ВЈО“Г¶Гұв•¬Гҙв”ңв•ўв”¬Гәв•¬Гҙв”ңв–“в”ңв”Ӯв•¬Гҙв”ңв•ўв”¬в•қО“Г¶ВЈО“ГІГҰО“ГІВјв”ңв”ӨО“Г¶ВЈО“ГІГіО“Г¶ВјО“ГІВҘв•¬Гҙв”ңв•ўв”¬ГәО“Г¶Вјв”ңВЎginas','2024-09-25 19:12:42','2024-09-25 19:12:42'),(9,'data_types','display_name_plural',1,'pt','Utilizadores','2024-09-25 19:12:42','2024-09-25 19:12:42'),(10,'data_types','display_name_plural',4,'pt','Categorias','2024-09-25 19:12:42','2024-09-25 19:12:42'),(11,'data_types','display_name_plural',2,'pt','Menus','2024-09-25 19:12:42','2024-09-25 19:12:42'),(12,'data_types','display_name_plural',3,'pt','FunО“ГІВјв”ңв”ӨО“Г¶ВЈО“Г»ГҙО“Г¶ВјО“ГІВҘв•¬Гҙв”ңв•ўв”¬Гәв•¬Гҙв”ңв•ўв”ңв–’О“ГІВјв”ңв”ӨО“Г¶ВЈО“ГІГіО“Г¶Вјв”ңв•‘О“ГІВјв”ңв”ӨО“Г¶ВЈО“ГІГ№О“Г¶ВЈО“Г¶ГұО“ГІВјв”ңв”ӨО“Г¶ВЈО“ГІГіО“Г¶ВјО“ГІВҘО“ГІВјв”ңв”ӨО“Г¶ВЈО“Г»ГҙО“Г¶Вјв”ңГҰв•¬Гҙв”ңв–“в”¬в•қО“Г¶ВЈО“Г¶Гұв•¬Гҙв”ңв•ўв”¬Гәв•¬Гҙв”ңв–“в”ңв”Ӯв•¬Гҙв”ңв•ўв”¬в•қО“Г¶ВЈО“ГІГҰв•¬Гҙв”ңв–“в”¬в•қО“Г¶ВЈО“Г¶Гұв•¬Гҙв”ңв•ўв”¬Гәв•¬Гҙв”ңв–“в”ңв”Ӯв•¬Гҙв”ңв•ўв”¬Гәв•¬Гҙв”ңв•—в”ңГҘО“ГІВјв”ңв”ӨО“Г¶ВЈО“Г»ГҙО“Г¶ВјО“ГІВҘв•¬Гҙв”ңв•ўв”¬Гәв•¬Гҙв”ңв•ўв”ңв–’О“ГІВјв”ңв”ӨО“Г¶ВЈО“ГІГіО“Г¶Вјв”ңв•‘О“ГІВјв”ңв”ӨО“Г¶ВЈО“Г»ГҙО“Г¶ВЈО“Г¶Г©О“ГІВјв”ңв”ӨО“Г¶ВЈО“ГІГіО“Г¶ВјО“ГІВҘв•¬Гҙв”ңв•ўв”¬Гәв•¬Гҙв”ңв–“в”ңВӘО“ГІВјв”ңв”ӨО“Г¶ВЈО“Г»ГҙО“Г¶ВјО“ГІВҘв•¬Гҙв”ңв•ўв”¬Гәв•¬Гҙв”ңв•ўв”ңв–’О“ГІВјв”ңв”ӨО“Г¶ВЈО“ГІГіО“Г¶Вјв”ңв•‘О“ГІВјв”ңв”ӨО“Г¶ВЈО“ГІГ№О“Г¶ВЈО“Г¶ГұО“ГІВјв”ңв”ӨО“Г¶ВЈО“ГІГіО“Г¶Вјв”ңв•‘О“ГІВјв”ңв”ӨО“Г¶ВЈО“ГІГіО“Г¶ВЈО“Г®ГүО“ГІВјв”ңв”ӨО“Г¶ВЈО“Г»ГҙО“Г¶ВјО“ГІВҘв•¬Гҙв”ңв•ўв”¬Гәв•¬Гҙв”ңв•ўв”ңв–’О“ГІВјв”ңв”ӨО“Г¶ВЈО“ГІГіО“Г¶Вјв”ңв•‘О“ГІВјв”ңв”ӨО“Г¶ВЈО“Г»ГҙО“Г¶ВЈО“Г¶Г©О“ГІВјв”ңв”ӨО“Г¶ВЈО“ГІГіО“Г¶ВјО“ГІВҘО“ГІВјв”ңв”ӨО“Г¶ВЈО“Г»ГҙО“Г¶Вјв”ңГҰв•¬Гҙв”ңв–“в”¬в•қО“Г¶ВЈО“Г¶Гұв•¬Гҙв”ңв•ўв”¬Гәв•¬Гҙв”ңв–“в”ңв”Ӯв•¬Гҙв”ңв•ўв”¬в•қО“Г¶ВЈО“ГІГҰв•¬Гҙв”ңв–“в”¬в•қО“Г¶ВЈО“Г¶Гұв•¬Гҙв”ңв•ўв”¬Гәв•¬Гҙв”ңв•—в”ңв”Өв•¬Гҙв”ңв•ўв”¬ГәО“Г¶Вјв”¬Вјв•¬Гҙв”ңв–“в”¬в•қО“Г¶ВЈО“Г¶Гұв•¬Гҙв”ңв•ўв”¬Гәв•¬Гҙв”ңв•—в”ңв”Өв•¬Гҙв”ңв•ўв”¬в•қв•¬Гҙв”ңв–“в”¬Г‘О“ГІВјв”ңв”ӨО“Г¶ВЈО“ГІГіО“Г¶Вјв”ңв•‘О“ГІВјв”ңв”ӨО“Г¶ВЈО“ГІГіО“Г¶ВЈО“Г»ГҶв•¬Гҙв”ңв–“в”¬в•қО“Г¶ВЈО“Г¶Гұв•¬Гҙв”ңв•ўв”¬Гәв•¬Гҙв”ңв–“в”ңв”Ӯв•¬Гҙв”ңв•ўв”¬в•қО“Г¶ВЈО“ГІГҰв•¬Гҙв”ңв–“в”¬в•қО“Г¶ВЈО“Г¶Гұв•¬Гҙв”ңв•ўв”¬Гәв•¬Гҙв”ңв•—в”ңв”Өв•¬Гҙв”ңв•ўв”¬Гәв•¬Гҙв”ңв•ўв”ңвҢҗв•¬Гҙв”ңв–“в”¬в•қО“Г¶ВЈО“Г¶Гұв•¬Гҙв”ңв•ўв”¬Гәв•¬Гҙв”ңв–“в”ңв”Ӯв•¬Гҙв”ңв•ўв”¬в•қв•¬Гҙв”ңв–“в”¬Г‘в•¬Гҙв”ңв–“в”¬в•қО“Г¶ВЈО“Г¶Гұв•¬Гҙв”ңв•ўв”¬Гәв•¬Гҙв”ңв•—в”ңв”Өв•¬Гҙв”ңв•ўв”¬в•қО“Г¶ВЈв”ңВӘв•¬Гҙв”ңв–“в”¬в•қО“Г¶ВЈО“Г¶Гұв•¬Гҙв”ңв•ўв”¬Гәв•¬Гҙв”ңв•—в”ңв”Өв•¬Гҙв”ңв•ўв”¬в•қв•¬Гҙв”ңв–“в”¬Г‘О“ГІВјв”ңв”ӨО“Г¶ВЈО“ГІГіО“Г¶Вјв”ңв•‘О“ГІВјв”ңв”ӨО“Г¶ВЈО“ГІГіО“Г¶ВЈО“Г»ГҶв•¬Гҙв”ңв–“в”¬в•қО“Г¶ВЈО“Г¶Гұв•¬Гҙв”ңв•ўв”¬Гәв•¬Гҙв”ңв–“в”ңв”Ӯв•¬Гҙв”ңв•ўв”¬в•қО“Г¶ВЈО“ГІГҰв•¬Гҙв”ңв–“в”¬в•қО“Г¶ВЈО“Г¶Гұв•¬Гҙв”ңв•ўв”¬Гәв•¬Гҙв”ңв–“в”ңв•Јв•¬Гҙв”ңв•ўв”¬Гәв•¬Гҙв”ңв•ўв”ңв–’в•¬Гҙв”ңв–“в”¬в•қО“Г¶ВЈО“Г¶Гұв•¬Гҙв”ңв•ўв”¬Гәв•¬Гҙв”ңв–“в”ңв”Ӯв•¬Гҙв”ңв•ўв”¬в•қО“Г¶ВЈО“ГІГҰО“ГІВјв”ңв”ӨО“Г¶ВЈО“ГІГіО“Г¶ВјО“ГІВҘв•¬Гҙв”ңв•ўв”¬в•қО“Г¶ВјО“ГІВҘО“ГІВјв”ңв”ӨО“Г¶ВЈО“Г»ГҙО“Г¶ВјО“ГІВҘв•¬Гҙв”ңв•ўв”¬Гәв•¬Гҙв”ңв•ўв”ңв–’О“ГІВјв”ңв”ӨО“Г¶ВЈО“ГІГіО“Г¶Вјв”ңв•‘О“ГІВјв”ңв”ӨО“Г¶ВЈО“ГІГ№О“Г¶ВЈО“Г¶ГұО“ГІВјв”ңв”ӨО“Г¶ВЈО“ГІГіО“Г¶ВјО“ГІВҘО“ГІВјв”ңв”ӨО“Г¶ВЈО“Г»ГҙО“Г¶Вјв”ңГҰв•¬Гҙв”ңв–“в”¬в•қО“Г¶ВЈО“Г¶Гұв•¬Гҙв”ңв•ўв”¬Гәв•¬Гҙв”ңв–“в”ңв”Ӯв•¬Гҙв”ңв•ўв”¬в•қО“Г¶ВЈО“ГІГҰв•¬Гҙв”ңв–“в”¬в•қО“Г¶ВЈО“Г¶Гұв•¬Гҙв”ңв•ўв”¬Гәв•¬Гҙв”ңв–“в”ңв”Ӯв•¬Гҙв”ңв•ўв”¬Гәв•¬Гҙв”ңв•—в”ңГҘО“ГІВјв”ңв”ӨО“Г¶ВЈО“Г»ГҙО“Г¶ВјО“ГІВҘв•¬Гҙв”ңв•ўв”¬Гәв•¬Гҙв”ңв•ўв”ңв–’О“ГІВјв”ңв”ӨО“Г¶ВЈО“ГІГіО“Г¶Вјв”ңв•‘О“ГІВјв”ңв”ӨО“Г¶ВЈО“Г»ГҙО“Г¶ВЈО“Г¶Г©О“ГІВјв”ңв”ӨО“Г¶ВЈО“ГІГіО“Г¶ВјО“ГІВҘв•¬Гҙв”ңв•ўв”¬Гәв•¬Гҙв”ңв–“в”ңВӘО“ГІВјв”ңв”ӨО“Г¶ВЈО“Г»ГҙО“Г¶ВјО“ГІВҘв•¬Гҙв”ңв•ўв”¬Гәв•¬Гҙв”ңв•ўв”ңв–’О“ГІВјв”ңв”ӨО“Г¶ВЈО“ГІГіО“Г¶Вјв”ңв•‘О“ГІВјв”ңв”ӨО“Г¶ВЈО“ГІГ№О“Г¶ВЈО“Г¶ГұО“ГІВјв”ңв”ӨО“Г¶ВЈО“ГІГіО“Г¶Вјв”ңв•‘О“ГІВјв”ңв”ӨО“Г¶ВЈО“ГІГіО“Г¶ВЈО“Г®ГүО“ГІВјв”ңв”ӨО“Г¶ВЈО“Г»ГҙО“Г¶ВјО“ГІВҘв•¬Гҙв”ңв•ўв”¬Гәв•¬Гҙв”ңв•ўв”ңв–’О“ГІВјв”ңв”ӨО“Г¶ВЈО“ГІГіО“Г¶Вјв”ңв•‘О“ГІВјв”ңв”ӨО“Г¶ВЈО“Г»ГҙО“Г¶ВЈО“Г¶Г©О“ГІВјв”ңв”ӨО“Г¶ВЈО“ГІГіО“Г¶ВјО“ГІВҘО“ГІВјв”ңв”ӨО“Г¶ВЈО“Г»ГҙО“Г¶Вјв”ңГҰв•¬Гҙв”ңв–“в”¬в•қО“Г¶ВЈО“Г¶Гұв•¬Гҙв”ңв•ўв”¬Гәв•¬Гҙв”ңв–“в”ңв”Ӯв•¬Гҙв”ңв•ўв”¬в•қО“Г¶ВЈО“ГІГҰв•¬Гҙв”ңв–“в”¬в•қО“Г¶ВЈО“Г¶Гұв•¬Гҙв”ңв•ўв”¬Гәв•¬Гҙв”ңв•—в”ңв”Өв•¬Гҙв”ңв•ўв”¬ГәО“Г¶Вјв”¬ВјО“ГІВјв”ңв”ӨО“Г¶ВЈО“Г»ГҙО“Г¶ВјО“ГІВҘв•¬Гҙв”ңв•ўв”¬Гәв•¬Гҙв”ңв•ўв”ңв–’О“ГІВјв”ңв”ӨО“Г¶ВЈО“ГІГіО“Г¶Вјв”ңв•‘О“ГІВјв”ңв”ӨО“Г¶ВЈО“ГІГ№О“Г¶ВЈО“Г¶ГұО“ГІВјв”ңв”ӨО“Г¶ВЈО“ГІГіО“Г¶ВјО“ГІВҘО“ГІВјв”ңв”ӨО“Г¶ВЈО“Г»ГҙО“Г¶Вјв”ңГҰв•¬Гҙв”ңв–“в”¬в•қО“Г¶ВЈО“Г¶Гұв•¬Гҙв”ңв•ўв”¬Гәв•¬Гҙв”ңв–“в”ңв”Ӯв•¬Гҙв”ңв•ўв”¬в•қО“Г¶ВЈО“ГІГҰв•¬Гҙв”ңв–“в”¬в•қО“Г¶ВЈО“Г¶Гұв•¬Гҙв”ңв•ўв”¬Гәв•¬Гҙв”ңв–“в”ңв”Ӯв•¬Гҙв”ңв•ўв”¬Гәв•¬Гҙв”ңв•—в”ңГҘО“ГІВјв”ңв”ӨО“Г¶ВЈО“Г»ГҙО“Г¶ВјО“ГІВҘв•¬Гҙв”ңв•ўв”¬Гәв•¬Гҙв”ңв•ўв”ңв–’О“ГІВјв”ңв”ӨО“Г¶ВЈО“ГІГіО“Г¶Вјв”ңв•‘О“ГІВјв”ңв”ӨО“Г¶ВЈО“Г»ГҙО“Г¶ВЈО“Г¶Г©О“ГІВјв”ңв”ӨО“Г¶ВЈО“ГІГіО“Г¶ВјО“ГІВҘв•¬Гҙв”ңв•ўв”¬Гәв•¬Гҙв”ңв–“в”ңВӘО“ГІВјв”ңв”ӨО“Г¶ВЈО“Г»ГҙО“Г¶ВјО“ГІВҘв•¬Гҙв”ңв•ўв”¬Гәв•¬Гҙв”ңв•ўв”ңв–’О“ГІВјв”ңв”ӨО“Г¶ВЈО“ГІГіО“Г¶Вјв”ңв•‘О“ГІВјв”ңв”ӨО“Г¶ВЈО“Г»ГҙО“Г¶ВЈО“ГІГәО“ГІВјв”ңв”ӨО“Г¶ВЈО“ГІГіО“Г¶Вјв”ңв•‘О“ГІВјв”ңв”ӨО“Г¶ВЈО“ГІГіО“Г¶ВЈО“Г»ГҶО“ГІВјв”ңв”ӨО“Г¶ВЈО“Г»ГҙО“Г¶ВјО“ГІВҘв•¬Гҙв”ңв•ўв”¬Гәв•¬Гҙв”ңв•ўв”ңв–’О“ГІВјв”ңв”ӨО“Г¶ВЈО“ГІГіО“Г¶Вјв”ңв•‘О“ГІВјв”ңв”ӨО“Г¶ВЈО“Г»ГҙО“Г¶ВЈО“Г¶Г©О“ГІВјв”ңв”ӨО“Г¶ВЈО“ГІГіО“Г¶ВјО“ГІВҘв•¬Гҙв”ңв•ўв”¬Гәв•¬Гҙв”ңв–“в”ңВӘв•¬Гҙв”ңв–“в”¬в•қО“Г¶ВЈО“Г¶Гұв•¬Гҙв”ңв•ўв”¬Гәв•¬Гҙв”ңв–“в”ңв”Ӯв•¬Гҙв”ңв•ўв”¬в•қв•¬Гҙв”ңв–“в”¬Г‘О“ГІВјв”ңв”ӨО“Г¶ВЈО“ГІГіО“Г¶Вјв”ңв•‘в•¬Гҙв”ңв•ўв”¬в•қО“Г¶ВЈв”¬Гӯes','2024-09-25 19:12:42','2024-09-25 19:12:42'),(13,'categories','slug',1,'pt','categoria-1','2024-09-25 19:12:42','2024-09-25 19:12:42'),(14,'categories','name',1,'pt','Categoria 1','2024-09-25 19:12:42','2024-09-25 19:12:42'),(15,'categories','slug',2,'pt','categoria-2','2024-09-25 19:12:42','2024-09-25 19:12:42'),(16,'categories','name',2,'pt','Categoria 2','2024-09-25 19:12:42','2024-09-25 19:12:42'),(17,'pages','title',1,'pt','OlО“ГІВјв”ңв”ӨО“Г¶ВЈО“Г»ГҙО“Г¶ВјО“ГІВҘв•¬Гҙв”ңв•ўв”¬Гәв•¬Гҙв”ңв•ўв”ңв–’О“ГІВјв”ңв”ӨО“Г¶ВЈО“ГІГіО“Г¶Вјв”ңв•‘О“ГІВјв”ңв”ӨО“Г¶ВЈО“ГІГ№О“Г¶ВЈО“Г¶ГұО“ГІВјв”ңв”ӨО“Г¶ВЈО“ГІГіО“Г¶ВјО“ГІВҘО“ГІВјв”ңв”ӨО“Г¶ВЈО“Г»ГҙО“Г¶Вјв”ңГҰв•¬Гҙв”ңв–“в”¬в•қО“Г¶ВЈО“Г¶Гұв•¬Гҙв”ңв•ўв”¬Гәв•¬Гҙв”ңв–“в”ңв”Ӯв•¬Гҙв”ңв•ўв”¬в•қО“Г¶ВЈО“ГІГҰв•¬Гҙв”ңв–“в”¬в•қО“Г¶ВЈО“Г¶Гұв•¬Гҙв”ңв•ўв”¬Гәв•¬Гҙв”ңв–“в”ңв”Ӯв•¬Гҙв”ңв•ўв”¬Гәв•¬Гҙв”ңв•—в”ңГҘО“ГІВјв”ңв”ӨО“Г¶ВЈО“Г»ГҙО“Г¶ВјО“ГІВҘв•¬Гҙв”ңв•ўв”¬Гәв•¬Гҙв”ңв•ўв”ңв–’О“ГІВјв”ңв”ӨО“Г¶ВЈО“ГІГіО“Г¶Вјв”ңв•‘О“ГІВјв”ңв”ӨО“Г¶ВЈО“Г»ГҙО“Г¶ВЈО“Г¶Г©О“ГІВјв”ңв”ӨО“Г¶ВЈО“ГІГіО“Г¶ВјО“ГІВҘв•¬Гҙв”ңв•ўв”¬Гәв•¬Гҙв”ңв–“в”ңВӘО“ГІВјв”ңв”ӨО“Г¶ВЈО“Г»ГҙО“Г¶ВјО“ГІВҘв•¬Гҙв”ңв•ўв”¬Гәв•¬Гҙв”ңв•ўв”ңв–’О“ГІВјв”ңв”ӨО“Г¶ВЈО“ГІГіО“Г¶Вјв”ңв•‘О“ГІВјв”ңв”ӨО“Г¶ВЈО“ГІГ№О“Г¶ВЈО“Г¶ГұО“ГІВјв”ңв”ӨО“Г¶ВЈО“ГІГіО“Г¶Вјв”ңв•‘О“ГІВјв”ңв”ӨО“Г¶ВЈО“ГІГіО“Г¶ВЈО“Г®ГүО“ГІВјв”ңв”ӨО“Г¶ВЈО“Г»ГҙО“Г¶ВјО“ГІВҘв•¬Гҙв”ңв•ўв”¬Гәв•¬Гҙв”ңв•ўв”ңв–’О“ГІВјв”ңв”ӨО“Г¶ВЈО“ГІГіО“Г¶Вјв”ңв•‘О“ГІВјв”ңв”ӨО“Г¶ВЈО“Г»ГҙО“Г¶ВЈО“Г¶Г©О“ГІВјв”ңв”ӨО“Г¶ВЈО“ГІГіО“Г¶ВјО“ГІВҘО“ГІВјв”ңв”ӨО“Г¶ВЈО“Г»ГҙО“Г¶Вјв”ңГҰв•¬Гҙв”ңв–“в”¬в•қО“Г¶ВЈО“Г¶Гұв•¬Гҙв”ңв•ўв”¬Гәв•¬Гҙв”ңв–“в”ңв”Ӯв•¬Гҙв”ңв•ўв”¬в•қО“Г¶ВЈО“ГІГҰв•¬Гҙв”ңв–“в”¬в•қО“Г¶ВЈО“Г¶Гұв•¬Гҙв”ңв•ўв”¬Гәв•¬Гҙв”ңв•—в”ңв”Өв•¬Гҙв”ңв•ўв”¬ГәО“Г¶Вјв”¬Вјв•¬Гҙв”ңв–“в”¬в•қО“Г¶ВЈО“Г¶Гұв•¬Гҙв”ңв•ўв”¬Гәв•¬Гҙв”ңв•—в”ңв”Өв•¬Гҙв”ңв•ўв”¬в•қв•¬Гҙв”ңв–“в”¬Г‘О“ГІВјв”ңв”ӨО“Г¶ВЈО“ГІГіО“Г¶Вјв”ңв•‘О“ГІВјв”ңв”ӨО“Г¶ВЈО“ГІГіО“Г¶ВЈО“Г»ГҶв•¬Гҙв”ңв–“в”¬в•қО“Г¶ВЈО“Г¶Гұв•¬Гҙв”ңв•ўв”¬Гәв•¬Гҙв”ңв–“в”ңв”Ӯв•¬Гҙв”ңв•ўв”¬в•қО“Г¶ВЈО“ГІГҰв•¬Гҙв”ңв–“в”¬в•қО“Г¶ВЈО“Г¶Гұв•¬Гҙв”ңв•ўв”¬Гәв•¬Гҙв”ңв•—в”ңв”Өв•¬Гҙв”ңв•ўв”¬Гәв•¬Гҙв”ңв•ўв”ңвҢҗв•¬Гҙв”ңв–“в”¬в•қО“Г¶ВЈО“Г¶Гұв•¬Гҙв”ңв•ўв”¬Гәв•¬Гҙв”ңв–“в”ңв”Ӯв•¬Гҙв”ңв•ўв”¬в•қв•¬Гҙв”ңв–“в”¬Г‘О“ГІВјв”ңв”ӨО“Г¶ВЈО“ГІГіО“Г¶Вјв”ңв•‘О“ГІВјв”ңв”ӨО“Г¶ВЈО“Г»ГҙО“Г¶ВЈв”¬В¬О“ГІВјв”ңв”ӨО“Г¶ВЈО“Г»ГҙО“Г¶ВјО“ГІВҘв•¬Гҙв”ңв•ўв”¬Гәв•¬Гҙв”ңв•ўв”ңв–’О“ГІВјв”ңв”ӨО“Г¶ВЈО“ГІГіО“Г¶Вјв”ңв•‘О“ГІВјв”ңв”ӨО“Г¶ВЈО“Г»ГҙО“Г¶ВЈО“Г¶Г©О“ГІВјв”ңв”ӨО“Г¶ВЈО“ГІГіО“Г¶ВјО“ГІВҘО“ГІВјв”ңв”ӨО“Г¶ВЈО“Г»ГҙО“Г¶Вјв”ңГҰв•¬Гҙв”ңв–“в”¬в•қО“Г¶ВЈО“Г¶Гұв•¬Гҙв”ңв•ўв”¬Гәв•¬Гҙв”ңв–“в”ңв”Ӯв•¬Гҙв”ңв•ўв”¬в•қО“Г¶ВЈО“ГІГҰО“ГІВјв”ңв”ӨО“Г¶ВЈО“ГІГіО“Г¶ВјО“ГІВҘв•¬Гҙв”ңв•ўв”¬ГәО“Г¶Вјв”ңВЎ Mundo','2024-09-25 19:12:42','2024-09-25 19:12:42'),(18,'pages','slug',1,'pt','ola-mundo','2024-09-25 19:12:42','2024-09-25 19:12:42'),(19,'pages','body',1,'pt','<p>OlО“ГІВјв”ңв”ӨО“Г¶ВЈО“Г»ГҙО“Г¶ВјО“ГІВҘв•¬Гҙв”ңв•ўв”¬Гәв•¬Гҙв”ңв•ўв”ңв–’О“ГІВјв”ңв”ӨО“Г¶ВЈО“ГІГіО“Г¶Вјв”ңв•‘О“ГІВјв”ңв”ӨО“Г¶ВЈО“ГІГ№О“Г¶ВЈО“Г¶ГұО“ГІВјв”ңв”ӨО“Г¶ВЈО“ГІГіО“Г¶ВјО“ГІВҘО“ГІВјв”ңв”ӨО“Г¶ВЈО“Г»ГҙО“Г¶Вјв”ңГҰв•¬Гҙв”ңв–“в”¬в•қО“Г¶ВЈО“Г¶Гұв•¬Гҙв”ңв•ўв”¬Гәв•¬Гҙв”ңв–“в”ңв”Ӯв•¬Гҙв”ңв•ўв”¬в•қО“Г¶ВЈО“ГІГҰв•¬Гҙв”ңв–“в”¬в•қО“Г¶ВЈО“Г¶Гұв•¬Гҙв”ңв•ўв”¬Гәв•¬Гҙв”ңв–“в”ңв”Ӯв•¬Гҙв”ңв•ўв”¬Гәв•¬Гҙв”ңв•—в”ңГҘО“ГІВјв”ңв”ӨО“Г¶ВЈО“Г»ГҙО“Г¶ВјО“ГІВҘв•¬Гҙв”ңв•ўв”¬Гәв•¬Гҙв”ңв•ўв”ңв–’О“ГІВјв”ңв”ӨО“Г¶ВЈО“ГІГіО“Г¶Вјв”ңв•‘О“ГІВјв”ңв”ӨО“Г¶ВЈО“Г»ГҙО“Г¶ВЈО“Г¶Г©О“ГІВјв”ңв”ӨО“Г¶ВЈО“ГІГіО“Г¶ВјО“ГІВҘв•¬Гҙв”ңв•ўв”¬Гәв•¬Гҙв”ңв–“в”ңВӘО“ГІВјв”ңв”ӨО“Г¶ВЈО“Г»ГҙО“Г¶ВјО“ГІВҘв•¬Гҙв”ңв•ўв”¬Гәв•¬Гҙв”ңв•ўв”ңв–’О“ГІВјв”ңв”ӨО“Г¶ВЈО“ГІГіО“Г¶Вјв”ңв•‘О“ГІВјв”ңв”ӨО“Г¶ВЈО“ГІГ№О“Г¶ВЈО“Г¶ГұО“ГІВјв”ңв”ӨО“Г¶ВЈО“ГІГіО“Г¶Вјв”ңв•‘О“ГІВјв”ңв”ӨО“Г¶ВЈО“ГІГіО“Г¶ВЈО“Г®ГүО“ГІВјв”ңв”ӨО“Г¶ВЈО“Г»ГҙО“Г¶ВјО“ГІВҘв•¬Гҙв”ңв•ўв”¬Гәв•¬Гҙв”ңв•ўв”ңв–’О“ГІВјв”ңв”ӨО“Г¶ВЈО“ГІГіО“Г¶Вјв”ңв•‘О“ГІВјв”ңв”ӨО“Г¶ВЈО“Г»ГҙО“Г¶ВЈО“Г¶Г©О“ГІВјв”ңв”ӨО“Г¶ВЈО“ГІГіО“Г¶ВјО“ГІВҘО“ГІВјв”ңв”ӨО“Г¶ВЈО“Г»ГҙО“Г¶Вјв”ңГҰв•¬Гҙв”ңв–“в”¬в•қО“Г¶ВЈО“Г¶Гұв•¬Гҙв”ңв•ўв”¬Гәв•¬Гҙв”ңв–“в”ңв”Ӯв•¬Гҙв”ңв•ўв”¬в•қО“Г¶ВЈО“ГІГҰв•¬Гҙв”ңв–“в”¬в•қО“Г¶ВЈО“Г¶Гұв•¬Гҙв”ңв•ўв”¬Гәв•¬Гҙв”ңв•—в”ңв”Өв•¬Гҙв”ңв•ўв”¬ГәО“Г¶Вјв”¬Вјв•¬Гҙв”ңв–“в”¬в•қО“Г¶ВЈО“Г¶Гұв•¬Гҙв”ңв•ўв”¬Гәв•¬Гҙв”ңв•—в”ңв”Өв•¬Гҙв”ңв•ўв”¬в•қв•¬Гҙв”ңв–“в”¬Г‘О“ГІВјв”ңв”ӨО“Г¶ВЈО“ГІГіО“Г¶Вјв”ңв•‘О“ГІВјв”ңв”ӨО“Г¶ВЈО“ГІГіО“Г¶ВЈО“Г»ГҶв•¬Гҙв”ңв–“в”¬в•қО“Г¶ВЈО“Г¶Гұв•¬Гҙв”ңв•ўв”¬Гәв•¬Гҙв”ңв–“в”ңв”Ӯв•¬Гҙв”ңв•ўв”¬в•қО“Г¶ВЈО“ГІГҰв•¬Гҙв”ңв–“в”¬в•қО“Г¶ВЈО“Г¶Гұв•¬Гҙв”ңв•ўв”¬Гәв•¬Гҙв”ңв•—в”ңв”Өв•¬Гҙв”ңв•ўв”¬Гәв•¬Гҙв”ңв•ўв”ңвҢҗв•¬Гҙв”ңв–“в”¬в•қО“Г¶ВЈО“Г¶Гұв•¬Гҙв”ңв•ўв”¬Гәв•¬Гҙв”ңв–“в”ңв”Ӯв•¬Гҙв”ңв•ўв”¬в•қв•¬Гҙв”ңв–“в”¬Г‘О“ГІВјв”ңв”ӨО“Г¶ВЈО“ГІГіО“Г¶Вјв”ңв•‘О“ГІВјв”ңв”ӨО“Г¶ВЈО“Г»ГҙО“Г¶ВЈв”¬В¬О“ГІВјв”ңв”ӨО“Г¶ВЈО“Г»ГҙО“Г¶ВјО“ГІВҘв•¬Гҙв”ңв•ўв”¬Гәв•¬Гҙв”ңв•ўв”ңв–’О“ГІВјв”ңв”ӨО“Г¶ВЈО“ГІГіО“Г¶Вјв”ңв•‘О“ГІВјв”ңв”ӨО“Г¶ВЈО“Г»ГҙО“Г¶ВЈО“Г¶Г©О“ГІВјв”ңв”ӨО“Г¶ВЈО“ГІГіО“Г¶ВјО“ГІВҘО“ГІВјв”ңв”ӨО“Г¶ВЈО“Г»ГҙО“Г¶Вјв”ңГҰв•¬Гҙв”ңв–“в”¬в•қО“Г¶ВЈО“Г¶Гұв•¬Гҙв”ңв•ўв”¬Гәв•¬Гҙв”ңв–“в”ңв”Ӯв•¬Гҙв”ңв•ўв”¬в•қО“Г¶ВЈО“ГІГҰО“ГІВјв”ңв”ӨО“Г¶ВЈО“ГІГіО“Г¶ВјО“ГІВҘв•¬Гҙв”ңв•ўв”¬ГәО“Г¶Вјв”ңВЎ Mundo. Scallywag grog swab Cat o\'nine tails scuttle rigging hardtack cable nipper Yellow Jack. Handsomely spirits knave lad killick landlubber or just lubber deadlights chantey pinnace crack Jennys tea cup. Provost long clothes black spot Yellow Jack bilged on her anchor league lateen sail case shot lee tackle.</p>\r\n<p>Ballast spirits fluke topmast me quarterdeck schooner landlubber or just lubber gabion belaying pin. Pinnace stern galleon starboard warp carouser to go on account dance the hempen jig jolly boat measured fer yer chains. Man-of-war fire in the hole nipperkin handsomely doubloon barkadeer Brethren of the Coast gibbet driver squiffy.</p>','2024-09-25 19:12:42','2024-09-25 19:12:42'),(20,'menu_items','title',1,'pt','Painel de Controle','2024-09-25 19:12:42','2024-09-25 19:12:42'),(21,'menu_items','title',2,'pt','Media','2024-09-25 19:12:42','2024-09-25 19:12:42'),(22,'menu_items','title',12,'pt','PublicaО“ГІВјв”ңв”ӨО“Г¶ВЈО“Г»ГҙО“Г¶ВјО“ГІВҘв•¬Гҙв”ңв•ўв”¬Гәв•¬Гҙв”ңв•ўв”ңв–’О“ГІВјв”ңв”ӨО“Г¶ВЈО“ГІГіО“Г¶Вјв”ңв•‘О“ГІВјв”ңв”ӨО“Г¶ВЈО“ГІГ№О“Г¶ВЈО“Г¶ГұО“ГІВјв”ңв”ӨО“Г¶ВЈО“ГІГіО“Г¶ВјО“ГІВҘО“ГІВјв”ңв”ӨО“Г¶ВЈО“Г»ГҙО“Г¶Вјв”ңГҰв•¬Гҙв”ңв–“в”¬в•қО“Г¶ВЈО“Г¶Гұв•¬Гҙв”ңв•ўв”¬Гәв•¬Гҙв”ңв–“в”ңв”Ӯв•¬Гҙв”ңв•ўв”¬в•қО“Г¶ВЈО“ГІГҰв•¬Гҙв”ңв–“в”¬в•қО“Г¶ВЈО“Г¶Гұв•¬Гҙв”ңв•ўв”¬Гәв•¬Гҙв”ңв–“в”ңв”Ӯв•¬Гҙв”ңв•ўв”¬Гәв•¬Гҙв”ңв•—в”ңГҘО“ГІВјв”ңв”ӨО“Г¶ВЈО“Г»ГҙО“Г¶ВјО“ГІВҘв•¬Гҙв”ңв•ўв”¬Гәв•¬Гҙв”ңв•ўв”ңв–’О“ГІВјв”ңв”ӨО“Г¶ВЈО“ГІГіО“Г¶Вјв”ңв•‘О“ГІВјв”ңв”ӨО“Г¶ВЈО“Г»ГҙО“Г¶ВЈО“Г¶Г©О“ГІВјв”ңв”ӨО“Г¶ВЈО“ГІГіО“Г¶ВјО“ГІВҘв•¬Гҙв”ңв•ўв”¬Гәв•¬Гҙв”ңв–“в”ңВӘО“ГІВјв”ңв”ӨО“Г¶ВЈО“Г»ГҙО“Г¶ВјО“ГІВҘв•¬Гҙв”ңв•ўв”¬Гәв•¬Гҙв”ңв•ўв”ңв–’О“ГІВјв”ңв”ӨО“Г¶ВЈО“ГІГіО“Г¶Вјв”ңв•‘О“ГІВјв”ңв”ӨО“Г¶ВЈО“ГІГ№О“Г¶ВЈО“Г¶ГұО“ГІВјв”ңв”ӨО“Г¶ВЈО“ГІГіО“Г¶Вјв”ңв•‘О“ГІВјв”ңв”ӨО“Г¶ВЈО“ГІГіО“Г¶ВЈО“Г®ГүО“ГІВјв”ңв”ӨО“Г¶ВЈО“Г»ГҙО“Г¶ВјО“ГІВҘв•¬Гҙв”ңв•ўв”¬Гәв•¬Гҙв”ңв•ўв”ңв–’О“ГІВјв”ңв”ӨО“Г¶ВЈО“ГІГіО“Г¶Вјв”ңв•‘О“ГІВјв”ңв”ӨО“Г¶ВЈО“Г»ГҙО“Г¶ВЈО“Г¶Г©О“ГІВјв”ңв”ӨО“Г¶ВЈО“ГІГіО“Г¶ВјО“ГІВҘО“ГІВјв”ңв”ӨО“Г¶ВЈО“Г»ГҙО“Г¶Вјв”ңГҰв•¬Гҙв”ңв–“в”¬в•қО“Г¶ВЈО“Г¶Гұв•¬Гҙв”ңв•ўв”¬Гәв•¬Гҙв”ңв–“в”ңв”Ӯв•¬Гҙв”ңв•ўв”¬в•қО“Г¶ВЈО“ГІГҰв•¬Гҙв”ңв–“в”¬в•қО“Г¶ВЈО“Г¶Гұв•¬Гҙв”ңв•ўв”¬Гәв•¬Гҙв”ңв•—в”ңв”Өв•¬Гҙв”ңв•ўв”¬ГәО“Г¶Вјв”¬Вјв•¬Гҙв”ңв–“в”¬в•қО“Г¶ВЈО“Г¶Гұв•¬Гҙв”ңв•ўв”¬Гәв•¬Гҙв”ңв•—в”ңв”Өв•¬Гҙв”ңв•ўв”¬в•қв•¬Гҙв”ңв–“в”¬Г‘О“ГІВјв”ңв”ӨО“Г¶ВЈО“ГІГіО“Г¶Вјв”ңв•‘О“ГІВјв”ңв”ӨО“Г¶ВЈО“ГІГіО“Г¶ВЈО“Г»ГҶв•¬Гҙв”ңв–“в”¬в•қО“Г¶ВЈО“Г¶Гұв•¬Гҙв”ңв•ўв”¬Гәв•¬Гҙв”ңв–“в”ңв”Ӯв•¬Гҙв”ңв•ўв”¬в•қО“Г¶ВЈО“ГІГҰв•¬Гҙв”ңв–“в”¬в•қО“Г¶ВЈО“Г¶Гұв•¬Гҙв”ңв•ўв”¬Гәв•¬Гҙв”ңв•—в”ңв”Өв•¬Гҙв”ңв•ўв”¬Гәв•¬Гҙв”ңв•ўв”ңвҢҗв•¬Гҙв”ңв–“в”¬в•қО“Г¶ВЈО“Г¶Гұв•¬Гҙв”ңв•ўв”¬Гәв•¬Гҙв”ңв–“в”ңв”Ӯв•¬Гҙв”ңв•ўв”¬в•қв•¬Гҙв”ңв–“в”¬Г‘в•¬Гҙв”ңв–“в”¬в•қО“Г¶ВЈО“Г¶Гұв•¬Гҙв”ңв•ўв”¬Гәв•¬Гҙв”ңв•—в”ңв”Өв•¬Гҙв”ңв•ўв”¬в•қО“Г¶ВЈв”ңВӘв•¬Гҙв”ңв–“в”¬в•қО“Г¶ВЈО“Г¶Гұв•¬Гҙв”ңв•ўв”¬Гәв•¬Гҙв”ңв•—в”ңв”Өв•¬Гҙв”ңв•ўв”¬в•қв•¬Гҙв”ңв–“в”¬Г‘О“ГІВјв”ңв”ӨО“Г¶ВЈО“ГІГіО“Г¶Вјв”ңв•‘О“ГІВјв”ңв”ӨО“Г¶ВЈО“ГІГіО“Г¶ВЈО“Г»ГҶв•¬Гҙв”ңв–“в”¬в•қО“Г¶ВЈО“Г¶Гұв•¬Гҙв”ңв•ўв”¬Гәв•¬Гҙв”ңв–“в”ңв”Ӯв•¬Гҙв”ңв•ўв”¬в•қО“Г¶ВЈО“ГІГҰв•¬Гҙв”ңв–“в”¬в•қО“Г¶ВЈО“Г¶Гұв•¬Гҙв”ңв•ўв”¬Гәв•¬Гҙв”ңв–“в”ңв•Јв•¬Гҙв”ңв•ўв”¬Гәв•¬Гҙв”ңв•ўв”ңв–’в•¬Гҙв”ңв–“в”¬в•қО“Г¶ВЈО“Г¶Гұв•¬Гҙв”ңв•ўв”¬Гәв•¬Гҙв”ңв–“в”ңв”Ӯв•¬Гҙв”ңв•ўв”¬в•қО“Г¶ВЈО“ГІГҰО“ГІВјв”ңв”ӨО“Г¶ВЈО“ГІГіО“Г¶ВјО“ГІВҘв•¬Гҙв”ңв•ўв”¬в•қО“Г¶ВјО“ГІВҘО“ГІВјв”ңв”ӨО“Г¶ВЈО“Г»ГҙО“Г¶ВјО“ГІВҘв•¬Гҙв”ңв•ўв”¬Гәв•¬Гҙв”ңв•ўв”ңв–’О“ГІВјв”ңв”ӨО“Г¶ВЈО“ГІГіО“Г¶Вјв”ңв•‘О“ГІВјв”ңв”ӨО“Г¶ВЈО“ГІГ№О“Г¶ВЈО“Г¶ГұО“ГІВјв”ңв”ӨО“Г¶ВЈО“ГІГіО“Г¶ВјО“ГІВҘО“ГІВјв”ңв”ӨО“Г¶ВЈО“Г»ГҙО“Г¶Вјв”ңГҰв•¬Гҙв”ңв–“в”¬в•қО“Г¶ВЈО“Г¶Гұв•¬Гҙв”ңв•ўв”¬Гәв•¬Гҙв”ңв–“в”ңв”Ӯв•¬Гҙв”ңв•ўв”¬в•қО“Г¶ВЈО“ГІГҰв•¬Гҙв”ңв–“в”¬в•қО“Г¶ВЈО“Г¶Гұв•¬Гҙв”ңв•ўв”¬Гәв•¬Гҙв”ңв–“в”ңв”Ӯв•¬Гҙв”ңв•ўв”¬Гәв•¬Гҙв”ңв•—в”ңГҘО“ГІВјв”ңв”ӨО“Г¶ВЈО“Г»ГҙО“Г¶ВјО“ГІВҘв•¬Гҙв”ңв•ўв”¬Гәв•¬Гҙв”ңв•ўв”ңв–’О“ГІВјв”ңв”ӨО“Г¶ВЈО“ГІГіО“Г¶Вјв”ңв•‘О“ГІВјв”ңв”ӨО“Г¶ВЈО“Г»ГҙО“Г¶ВЈО“Г¶Г©О“ГІВјв”ңв”ӨО“Г¶ВЈО“ГІГіО“Г¶ВјО“ГІВҘв•¬Гҙв”ңв•ўв”¬Гәв•¬Гҙв”ңв–“в”ңВӘО“ГІВјв”ңв”ӨО“Г¶ВЈО“Г»ГҙО“Г¶ВјО“ГІВҘв•¬Гҙв”ңв•ўв”¬Гәв•¬Гҙв”ңв•ўв”ңв–’О“ГІВјв”ңв”ӨО“Г¶ВЈО“ГІГіО“Г¶Вјв”ңв•‘О“ГІВјв”ңв”ӨО“Г¶ВЈО“ГІГ№О“Г¶ВЈО“Г¶ГұО“ГІВјв”ңв”ӨО“Г¶ВЈО“ГІГіО“Г¶Вјв”ңв•‘О“ГІВјв”ңв”ӨО“Г¶ВЈО“ГІГіО“Г¶ВЈО“Г®ГүО“ГІВјв”ңв”ӨО“Г¶ВЈО“Г»ГҙО“Г¶ВјО“ГІВҘв•¬Гҙв”ңв•ўв”¬Гәв•¬Гҙв”ңв•ўв”ңв–’О“ГІВјв”ңв”ӨО“Г¶ВЈО“ГІГіО“Г¶Вјв”ңв•‘О“ГІВјв”ңв”ӨО“Г¶ВЈО“Г»ГҙО“Г¶ВЈО“Г¶Г©О“ГІВјв”ңв”ӨО“Г¶ВЈО“ГІГіО“Г¶ВјО“ГІВҘО“ГІВјв”ңв”ӨО“Г¶ВЈО“Г»ГҙО“Г¶Вјв”ңГҰв•¬Гҙв”ңв–“в”¬в•қО“Г¶ВЈО“Г¶Гұв•¬Гҙв”ңв•ўв”¬Гәв•¬Гҙв”ңв–“в”ңв”Ӯв•¬Гҙв”ңв•ўв”¬в•қО“Г¶ВЈО“ГІГҰв•¬Гҙв”ңв–“в”¬в•қО“Г¶ВЈО“Г¶Гұв•¬Гҙв”ңв•ўв”¬Гәв•¬Гҙв”ңв•—в”ңв”Өв•¬Гҙв”ңв•ўв”¬ГәО“Г¶Вјв”¬ВјО“ГІВјв”ңв”ӨО“Г¶ВЈО“Г»ГҙО“Г¶ВјО“ГІВҘв•¬Гҙв”ңв•ўв”¬Гәв•¬Гҙв”ңв•ўв”ңв–’О“ГІВјв”ңв”ӨО“Г¶ВЈО“ГІГіО“Г¶Вјв”ңв•‘О“ГІВјв”ңв”ӨО“Г¶ВЈО“ГІГ№О“Г¶ВЈО“Г¶ГұО“ГІВјв”ңв”ӨО“Г¶ВЈО“ГІГіО“Г¶ВјО“ГІВҘО“ГІВјв”ңв”ӨО“Г¶ВЈО“Г»ГҙО“Г¶Вјв”ңГҰв•¬Гҙв”ңв–“в”¬в•қО“Г¶ВЈО“Г¶Гұв•¬Гҙв”ңв•ўв”¬Гәв•¬Гҙв”ңв–“в”ңв”Ӯв•¬Гҙв”ңв•ўв”¬в•қО“Г¶ВЈО“ГІГҰв•¬Гҙв”ңв–“в”¬в•қО“Г¶ВЈО“Г¶Гұв•¬Гҙв”ңв•ўв”¬Гәв•¬Гҙв”ңв–“в”ңв”Ӯв•¬Гҙв”ңв•ўв”¬Гәв•¬Гҙв”ңв•—в”ңГҘО“ГІВјв”ңв”ӨО“Г¶ВЈО“Г»ГҙО“Г¶ВјО“ГІВҘв•¬Гҙв”ңв•ўв”¬Гәв•¬Гҙв”ңв•ўв”ңв–’О“ГІВјв”ңв”ӨО“Г¶ВЈО“ГІГіО“Г¶Вјв”ңв•‘О“ГІВјв”ңв”ӨО“Г¶ВЈО“Г»ГҙО“Г¶ВЈО“Г¶Г©О“ГІВјв”ңв”ӨО“Г¶ВЈО“ГІГіО“Г¶ВјО“ГІВҘв•¬Гҙв”ңв•ўв”¬Гәв•¬Гҙв”ңв–“в”ңВӘО“ГІВјв”ңв”ӨО“Г¶ВЈО“Г»ГҙО“Г¶ВјО“ГІВҘв•¬Гҙв”ңв•ўв”¬Гәв•¬Гҙв”ңв•ўв”ңв–’О“ГІВјв”ңв”ӨО“Г¶ВЈО“ГІГіО“Г¶Вјв”ңв•‘О“ГІВјв”ңв”ӨО“Г¶ВЈО“Г»ГҙО“Г¶ВЈО“ГІГәО“ГІВјв”ңв”ӨО“Г¶ВЈО“ГІГіО“Г¶Вјв”ңв•‘О“ГІВјв”ңв”ӨО“Г¶ВЈО“ГІГіО“Г¶ВЈО“Г»ГҶО“ГІВјв”ңв”ӨО“Г¶ВЈО“Г»ГҙО“Г¶ВјО“ГІВҘв•¬Гҙв”ңв•ўв”¬Гәв•¬Гҙв”ңв•ўв”ңв–’О“ГІВјв”ңв”ӨО“Г¶ВЈО“ГІГіО“Г¶Вјв”ңв•‘О“ГІВјв”ңв”ӨО“Г¶ВЈО“Г»ГҙО“Г¶ВЈО“Г¶Г©О“ГІВјв”ңв”ӨО“Г¶ВЈО“ГІГіО“Г¶ВјО“ГІВҘв•¬Гҙв”ңв•ўв”¬Гәв•¬Гҙв”ңв–“в”ңВӘв•¬Гҙв”ңв–“в”¬в•қО“Г¶ВЈО“Г¶Гұв•¬Гҙв”ңв•ўв”¬Гәв•¬Гҙв”ңв–“в”ңв”Ӯв•¬Гҙв”ңв•ўв”¬в•қв•¬Гҙв”ңв–“в”¬Г‘О“ГІВјв”ңв”ӨО“Г¶ВЈО“ГІГіО“Г¶Вјв”ңв•‘в•¬Гҙв”ңв•ўв”¬в•қО“Г¶ВЈв”¬Гӯes','2024-09-25 19:12:42','2024-09-25 19:12:42'),(23,'menu_items','title',3,'pt','Utilizadores','2024-09-25 19:12:42','2024-09-25 19:12:42'),(24,'menu_items','title',11,'pt','Categorias','2024-09-25 19:12:42','2024-09-25 19:12:42'),(25,'menu_items','title',13,'pt','PО“ГІВјв”ңв”ӨО“Г¶ВЈО“Г»ГҙО“Г¶ВјО“ГІВҘв•¬Гҙв”ңв•ўв”¬Гәв•¬Гҙв”ңв•ўв”ңв–’О“ГІВјв”ңв”ӨО“Г¶ВЈО“ГІГіО“Г¶Вјв”ңв•‘О“ГІВјв”ңв”ӨО“Г¶ВЈО“ГІГ№О“Г¶ВЈО“Г¶ГұО“ГІВјв”ңв”ӨО“Г¶ВЈО“ГІГіО“Г¶ВјО“ГІВҘО“ГІВјв”ңв”ӨО“Г¶ВЈО“Г»ГҙО“Г¶Вјв”ңГҰв•¬Гҙв”ңв–“в”¬в•қО“Г¶ВЈО“Г¶Гұв•¬Гҙв”ңв•ўв”¬Гәв•¬Гҙв”ңв–“в”ңв”Ӯв•¬Гҙв”ңв•ўв”¬в•қО“Г¶ВЈО“ГІГҰв•¬Гҙв”ңв–“в”¬в•қО“Г¶ВЈО“Г¶Гұв•¬Гҙв”ңв•ўв”¬Гәв•¬Гҙв”ңв–“в”ңв”Ӯв•¬Гҙв”ңв•ўв”¬Гәв•¬Гҙв”ңв•—в”ңГҘО“ГІВјв”ңв”ӨО“Г¶ВЈО“Г»ГҙО“Г¶ВјО“ГІВҘв•¬Гҙв”ңв•ўв”¬Гәв•¬Гҙв”ңв•ўв”ңв–’О“ГІВјв”ңв”ӨО“Г¶ВЈО“ГІГіО“Г¶Вјв”ңв•‘О“ГІВјв”ңв”ӨО“Г¶ВЈО“Г»ГҙО“Г¶ВЈО“Г¶Г©О“ГІВјв”ңв”ӨО“Г¶ВЈО“ГІГіО“Г¶ВјО“ГІВҘв•¬Гҙв”ңв•ўв”¬Гәв•¬Гҙв”ңв–“в”ңВӘО“ГІВјв”ңв”ӨО“Г¶ВЈО“Г»ГҙО“Г¶ВјО“ГІВҘв•¬Гҙв”ңв•ўв”¬Гәв•¬Гҙв”ңв•ўв”ңв–’О“ГІВјв”ңв”ӨО“Г¶ВЈО“ГІГіО“Г¶Вјв”ңв•‘О“ГІВјв”ңв”ӨО“Г¶ВЈО“ГІГ№О“Г¶ВЈО“Г¶ГұО“ГІВјв”ңв”ӨО“Г¶ВЈО“ГІГіО“Г¶Вјв”ңв•‘О“ГІВјв”ңв”ӨО“Г¶ВЈО“ГІГіО“Г¶ВЈО“Г®ГүО“ГІВјв”ңв”ӨО“Г¶ВЈО“Г»ГҙО“Г¶ВјО“ГІВҘв•¬Гҙв”ңв•ўв”¬Гәв•¬Гҙв”ңв•ўв”ңв–’О“ГІВјв”ңв”ӨО“Г¶ВЈО“ГІГіО“Г¶Вјв”ңв•‘О“ГІВјв”ңв”ӨО“Г¶ВЈО“Г»ГҙО“Г¶ВЈО“Г¶Г©О“ГІВјв”ңв”ӨО“Г¶ВЈО“ГІГіО“Г¶ВјО“ГІВҘО“ГІВјв”ңв”ӨО“Г¶ВЈО“Г»ГҙО“Г¶Вјв”ңГҰв•¬Гҙв”ңв–“в”¬в•қО“Г¶ВЈО“Г¶Гұв•¬Гҙв”ңв•ўв”¬Гәв•¬Гҙв”ңв–“в”ңв”Ӯв•¬Гҙв”ңв•ўв”¬в•қО“Г¶ВЈО“ГІГҰв•¬Гҙв”ңв–“в”¬в•қО“Г¶ВЈО“Г¶Гұв•¬Гҙв”ңв•ўв”¬Гәв•¬Гҙв”ңв•—в”ңв”Өв•¬Гҙв”ңв•ўв”¬ГәО“Г¶Вјв”¬Вјв•¬Гҙв”ңв–“в”¬в•қО“Г¶ВЈО“Г¶Гұв•¬Гҙв”ңв•ўв”¬Гәв•¬Гҙв”ңв•—в”ңв”Өв•¬Гҙв”ңв•ўв”¬в•қв•¬Гҙв”ңв–“в”¬Г‘О“ГІВјв”ңв”ӨО“Г¶ВЈО“ГІГіО“Г¶Вјв”ңв•‘О“ГІВјв”ңв”ӨО“Г¶ВЈО“ГІГіО“Г¶ВЈО“Г»ГҶв•¬Гҙв”ңв–“в”¬в•қО“Г¶ВЈО“Г¶Гұв•¬Гҙв”ңв•ўв”¬Гәв•¬Гҙв”ңв–“в”ңв”Ӯв•¬Гҙв”ңв•ўв”¬в•қО“Г¶ВЈО“ГІГҰв•¬Гҙв”ңв–“в”¬в•қО“Г¶ВЈО“Г¶Гұв•¬Гҙв”ңв•ўв”¬Гәв•¬Гҙв”ңв•—в”ңв”Өв•¬Гҙв”ңв•ўв”¬Гәв•¬Гҙв”ңв•ўв”ңвҢҗв•¬Гҙв”ңв–“в”¬в•қО“Г¶ВЈО“Г¶Гұв•¬Гҙв”ңв•ўв”¬Гәв•¬Гҙв”ңв–“в”ңв”Ӯв•¬Гҙв”ңв•ўв”¬в•қв•¬Гҙв”ңв–“в”¬Г‘О“ГІВјв”ңв”ӨО“Г¶ВЈО“ГІГіО“Г¶Вјв”ңв•‘О“ГІВјв”ңв”ӨО“Г¶ВЈО“Г»ГҙО“Г¶ВЈв”¬В¬О“ГІВјв”ңв”ӨО“Г¶ВЈО“Г»ГҙО“Г¶ВјО“ГІВҘв•¬Гҙв”ңв•ўв”¬Гәв•¬Гҙв”ңв•ўв”ңв–’О“ГІВјв”ңв”ӨО“Г¶ВЈО“ГІГіО“Г¶Вјв”ңв•‘О“ГІВјв”ңв”ӨО“Г¶ВЈО“Г»ГҙО“Г¶ВЈО“Г¶Г©О“ГІВјв”ңв”ӨО“Г¶ВЈО“ГІГіО“Г¶ВјО“ГІВҘО“ГІВјв”ңв”ӨО“Г¶ВЈО“Г»ГҙО“Г¶Вјв”ңГҰв•¬Гҙв”ңв–“в”¬в•қО“Г¶ВЈО“Г¶Гұв•¬Гҙв”ңв•ўв”¬Гәв•¬Гҙв”ңв–“в”ңв”Ӯв•¬Гҙв”ңв•ўв”¬в•қО“Г¶ВЈО“ГІГҰО“ГІВјв”ңв”ӨО“Г¶ВЈО“ГІГіО“Г¶ВјО“ГІВҘв•¬Гҙв”ңв•ўв”¬ГәО“Г¶Вјв”ңВЎginas','2024-09-25 19:12:42','2024-09-25 19:12:42'),(26,'menu_items','title',4,'pt','FunО“ГІВјв”ңв”ӨО“Г¶ВЈО“Г»ГҙО“Г¶ВјО“ГІВҘв•¬Гҙв”ңв•ўв”¬Гәв•¬Гҙв”ңв•ўв”ңв–’О“ГІВјв”ңв”ӨО“Г¶ВЈО“ГІГіО“Г¶Вјв”ңв•‘О“ГІВјв”ңв”ӨО“Г¶ВЈО“ГІГ№О“Г¶ВЈО“Г¶ГұО“ГІВјв”ңв”ӨО“Г¶ВЈО“ГІГіО“Г¶ВјО“ГІВҘО“ГІВјв”ңв”ӨО“Г¶ВЈО“Г»ГҙО“Г¶Вјв”ңГҰв•¬Гҙв”ңв–“в”¬в•қО“Г¶ВЈО“Г¶Гұв•¬Гҙв”ңв•ўв”¬Гәв•¬Гҙв”ңв–“в”ңв”Ӯв•¬Гҙв”ңв•ўв”¬в•қО“Г¶ВЈО“ГІГҰв•¬Гҙв”ңв–“в”¬в•қО“Г¶ВЈО“Г¶Гұв•¬Гҙв”ңв•ўв”¬Гәв•¬Гҙв”ңв–“в”ңв”Ӯв•¬Гҙв”ңв•ўв”¬Гәв•¬Гҙв”ңв•—в”ңГҘО“ГІВјв”ңв”ӨО“Г¶ВЈО“Г»ГҙО“Г¶ВјО“ГІВҘв•¬Гҙв”ңв•ўв”¬Гәв•¬Гҙв”ңв•ўв”ңв–’О“ГІВјв”ңв”ӨО“Г¶ВЈО“ГІГіО“Г¶Вјв”ңв•‘О“ГІВјв”ңв”ӨО“Г¶ВЈО“Г»ГҙО“Г¶ВЈО“Г¶Г©О“ГІВјв”ңв”ӨО“Г¶ВЈО“ГІГіО“Г¶ВјО“ГІВҘв•¬Гҙв”ңв•ўв”¬Гәв•¬Гҙв”ңв–“в”ңВӘО“ГІВјв”ңв”ӨО“Г¶ВЈО“Г»ГҙО“Г¶ВјО“ГІВҘв•¬Гҙв”ңв•ўв”¬Гәв•¬Гҙв”ңв•ўв”ңв–’О“ГІВјв”ңв”ӨО“Г¶ВЈО“ГІГіО“Г¶Вјв”ңв•‘О“ГІВјв”ңв”ӨО“Г¶ВЈО“ГІГ№О“Г¶ВЈО“Г¶ГұО“ГІВјв”ңв”ӨО“Г¶ВЈО“ГІГіО“Г¶Вјв”ңв•‘О“ГІВјв”ңв”ӨО“Г¶ВЈО“ГІГіО“Г¶ВЈО“Г®ГүО“ГІВјв”ңв”ӨО“Г¶ВЈО“Г»ГҙО“Г¶ВјО“ГІВҘв•¬Гҙв”ңв•ўв”¬Гәв•¬Гҙв”ңв•ўв”ңв–’О“ГІВјв”ңв”ӨО“Г¶ВЈО“ГІГіО“Г¶Вјв”ңв•‘О“ГІВјв”ңв”ӨО“Г¶ВЈО“Г»ГҙО“Г¶ВЈО“Г¶Г©О“ГІВјв”ңв”ӨО“Г¶ВЈО“ГІГіО“Г¶ВјО“ГІВҘО“ГІВјв”ңв”ӨО“Г¶ВЈО“Г»ГҙО“Г¶Вјв”ңГҰв•¬Гҙв”ңв–“в”¬в•қО“Г¶ВЈО“Г¶Гұв•¬Гҙв”ңв•ўв”¬Гәв•¬Гҙв”ңв–“в”ңв”Ӯв•¬Гҙв”ңв•ўв”¬в•қО“Г¶ВЈО“ГІГҰв•¬Гҙв”ңв–“в”¬в•қО“Г¶ВЈО“Г¶Гұв•¬Гҙв”ңв•ўв”¬Гәв•¬Гҙв”ңв•—в”ңв”Өв•¬Гҙв”ңв•ўв”¬ГәО“Г¶Вјв”¬Вјв•¬Гҙв”ңв–“в”¬в•қО“Г¶ВЈО“Г¶Гұв•¬Гҙв”ңв•ўв”¬Гәв•¬Гҙв”ңв•—в”ңв”Өв•¬Гҙв”ңв•ўв”¬в•қв•¬Гҙв”ңв–“в”¬Г‘О“ГІВјв”ңв”ӨО“Г¶ВЈО“ГІГіО“Г¶Вјв”ңв•‘О“ГІВјв”ңв”ӨО“Г¶ВЈО“ГІГіО“Г¶ВЈО“Г»ГҶв•¬Гҙв”ңв–“в”¬в•қО“Г¶ВЈО“Г¶Гұв•¬Гҙв”ңв•ўв”¬Гәв•¬Гҙв”ңв–“в”ңв”Ӯв•¬Гҙв”ңв•ўв”¬в•қО“Г¶ВЈО“ГІГҰв•¬Гҙв”ңв–“в”¬в•қО“Г¶ВЈО“Г¶Гұв•¬Гҙв”ңв•ўв”¬Гәв•¬Гҙв”ңв•—в”ңв”Өв•¬Гҙв”ңв•ўв”¬Гәв•¬Гҙв”ңв•ўв”ңвҢҗв•¬Гҙв”ңв–“в”¬в•қО“Г¶ВЈО“Г¶Гұв•¬Гҙв”ңв•ўв”¬Гәв•¬Гҙв”ңв–“в”ңв”Ӯв•¬Гҙв”ңв•ўв”¬в•қв•¬Гҙв”ңв–“в”¬Г‘в•¬Гҙв”ңв–“в”¬в•қО“Г¶ВЈО“Г¶Гұв•¬Гҙв”ңв•ўв”¬Гәв•¬Гҙв”ңв•—в”ңв”Өв•¬Гҙв”ңв•ўв”¬в•қО“Г¶ВЈв”ңВӘв•¬Гҙв”ңв–“в”¬в•қО“Г¶ВЈО“Г¶Гұв•¬Гҙв”ңв•ўв”¬Гәв•¬Гҙв”ңв•—в”ңв”Өв•¬Гҙв”ңв•ўв”¬в•қв•¬Гҙв”ңв–“в”¬Г‘О“ГІВјв”ңв”ӨО“Г¶ВЈО“ГІГіО“Г¶Вјв”ңв•‘О“ГІВјв”ңв”ӨО“Г¶ВЈО“ГІГіО“Г¶ВЈО“Г»ГҶв•¬Гҙв”ңв–“в”¬в•қО“Г¶ВЈО“Г¶Гұв•¬Гҙв”ңв•ўв”¬Гәв•¬Гҙв”ңв–“в”ңв”Ӯв•¬Гҙв”ңв•ўв”¬в•қО“Г¶ВЈО“ГІГҰв•¬Гҙв”ңв–“в”¬в•қО“Г¶ВЈО“Г¶Гұв•¬Гҙв”ңв•ўв”¬Гәв•¬Гҙв”ңв–“в”ңв•Јв•¬Гҙв”ңв•ўв”¬Гәв•¬Гҙв”ңв•ўв”ңв–’в•¬Гҙв”ңв–“в”¬в•қО“Г¶ВЈО“Г¶Гұв•¬Гҙв”ңв•ўв”¬Гәв•¬Гҙв”ңв–“в”ңв”Ӯв•¬Гҙв”ңв•ўв”¬в•қО“Г¶ВЈО“ГІГҰО“ГІВјв”ңв”ӨО“Г¶ВЈО“ГІГіО“Г¶ВјО“ГІВҘв•¬Гҙв”ңв•ўв”¬в•қО“Г¶ВјО“ГІВҘО“ГІВјв”ңв”ӨО“Г¶ВЈО“Г»ГҙО“Г¶ВјО“ГІВҘв•¬Гҙв”ңв•ўв”¬Гәв•¬Гҙв”ңв•ўв”ңв–’О“ГІВјв”ңв”ӨО“Г¶ВЈО“ГІГіО“Г¶Вјв”ңв•‘О“ГІВјв”ңв”ӨО“Г¶ВЈО“ГІГ№О“Г¶ВЈО“Г¶ГұО“ГІВјв”ңв”ӨО“Г¶ВЈО“ГІГіО“Г¶ВјО“ГІВҘО“ГІВјв”ңв”ӨО“Г¶ВЈО“Г»ГҙО“Г¶Вјв”ңГҰв•¬Гҙв”ңв–“в”¬в•қО“Г¶ВЈО“Г¶Гұв•¬Гҙв”ңв•ўв”¬Гәв•¬Гҙв”ңв–“в”ңв”Ӯв•¬Гҙв”ңв•ўв”¬в•қО“Г¶ВЈО“ГІГҰв•¬Гҙв”ңв–“в”¬в•қО“Г¶ВЈО“Г¶Гұв•¬Гҙв”ңв•ўв”¬Гәв•¬Гҙв”ңв–“в”ңв”Ӯв•¬Гҙв”ңв•ўв”¬Гәв•¬Гҙв”ңв•—в”ңГҘО“ГІВјв”ңв”ӨО“Г¶ВЈО“Г»ГҙО“Г¶ВјО“ГІВҘв•¬Гҙв”ңв•ўв”¬Гәв•¬Гҙв”ңв•ўв”ңв–’О“ГІВјв”ңв”ӨО“Г¶ВЈО“ГІГіО“Г¶Вјв”ңв•‘О“ГІВјв”ңв”ӨО“Г¶ВЈО“Г»ГҙО“Г¶ВЈО“Г¶Г©О“ГІВјв”ңв”ӨО“Г¶ВЈО“ГІГіО“Г¶ВјО“ГІВҘв•¬Гҙв”ңв•ўв”¬Гәв•¬Гҙв”ңв–“в”ңВӘО“ГІВјв”ңв”ӨО“Г¶ВЈО“Г»ГҙО“Г¶ВјО“ГІВҘв•¬Гҙв”ңв•ўв”¬Гәв•¬Гҙв”ңв•ўв”ңв–’О“ГІВјв”ңв”ӨО“Г¶ВЈО“ГІГіО“Г¶Вјв”ңв•‘О“ГІВјв”ңв”ӨО“Г¶ВЈО“ГІГ№О“Г¶ВЈО“Г¶ГұО“ГІВјв”ңв”ӨО“Г¶ВЈО“ГІГіО“Г¶Вјв”ңв•‘О“ГІВјв”ңв”ӨО“Г¶ВЈО“ГІГіО“Г¶ВЈО“Г®ГүО“ГІВјв”ңв”ӨО“Г¶ВЈО“Г»ГҙО“Г¶ВјО“ГІВҘв•¬Гҙв”ңв•ўв”¬Гәв•¬Гҙв”ңв•ўв”ңв–’О“ГІВјв”ңв”ӨО“Г¶ВЈО“ГІГіО“Г¶Вјв”ңв•‘О“ГІВјв”ңв”ӨО“Г¶ВЈО“Г»ГҙО“Г¶ВЈО“Г¶Г©О“ГІВјв”ңв”ӨО“Г¶ВЈО“ГІГіО“Г¶ВјО“ГІВҘО“ГІВјв”ңв”ӨО“Г¶ВЈО“Г»ГҙО“Г¶Вјв”ңГҰв•¬Гҙв”ңв–“в”¬в•қО“Г¶ВЈО“Г¶Гұв•¬Гҙв”ңв•ўв”¬Гәв•¬Гҙв”ңв–“в”ңв”Ӯв•¬Гҙв”ңв•ўв”¬в•қО“Г¶ВЈО“ГІГҰв•¬Гҙв”ңв–“в”¬в•қО“Г¶ВЈО“Г¶Гұв•¬Гҙв”ңв•ўв”¬Гәв•¬Гҙв”ңв•—в”ңв”Өв•¬Гҙв”ңв•ўв”¬ГәО“Г¶Вјв”¬ВјО“ГІВјв”ңв”ӨО“Г¶ВЈО“Г»ГҙО“Г¶ВјО“ГІВҘв•¬Гҙв”ңв•ўв”¬Гәв•¬Гҙв”ңв•ўв”ңв–’О“ГІВјв”ңв”ӨО“Г¶ВЈО“ГІГіО“Г¶Вјв”ңв•‘О“ГІВјв”ңв”ӨО“Г¶ВЈО“ГІГ№О“Г¶ВЈО“Г¶ГұО“ГІВјв”ңв”ӨО“Г¶ВЈО“ГІГіО“Г¶ВјО“ГІВҘО“ГІВјв”ңв”ӨО“Г¶ВЈО“Г»ГҙО“Г¶Вјв”ңГҰв•¬Гҙв”ңв–“в”¬в•қО“Г¶ВЈО“Г¶Гұв•¬Гҙв”ңв•ўв”¬Гәв•¬Гҙв”ңв–“в”ңв”Ӯв•¬Гҙв”ңв•ўв”¬в•қО“Г¶ВЈО“ГІГҰв•¬Гҙв”ңв–“в”¬в•қО“Г¶ВЈО“Г¶Гұв•¬Гҙв”ңв•ўв”¬Гәв•¬Гҙв”ңв–“в”ңв”Ӯв•¬Гҙв”ңв•ўв”¬Гәв•¬Гҙв”ңв•—в”ңГҘО“ГІВјв”ңв”ӨО“Г¶ВЈО“Г»ГҙО“Г¶ВјО“ГІВҘв•¬Гҙв”ңв•ўв”¬Гәв•¬Гҙв”ңв•ўв”ңв–’О“ГІВјв”ңв”ӨО“Г¶ВЈО“ГІГіО“Г¶Вјв”ңв•‘О“ГІВјв”ңв”ӨО“Г¶ВЈО“Г»ГҙО“Г¶ВЈО“Г¶Г©О“ГІВјв”ңв”ӨО“Г¶ВЈО“ГІГіО“Г¶ВјО“ГІВҘв•¬Гҙв”ңв•ўв”¬Гәв•¬Гҙв”ңв–“в”ңВӘО“ГІВјв”ңв”ӨО“Г¶ВЈО“Г»ГҙО“Г¶ВјО“ГІВҘв•¬Гҙв”ңв•ўв”¬Гәв•¬Гҙв”ңв•ўв”ңв–’О“ГІВјв”ңв”ӨО“Г¶ВЈО“ГІГіО“Г¶Вјв”ңв•‘О“ГІВјв”ңв”ӨО“Г¶ВЈО“Г»ГҙО“Г¶ВЈО“ГІГәО“ГІВјв”ңв”ӨО“Г¶ВЈО“ГІГіО“Г¶Вјв”ңв•‘О“ГІВјв”ңв”ӨО“Г¶ВЈО“ГІГіО“Г¶ВЈО“Г»ГҶО“ГІВјв”ңв”ӨО“Г¶ВЈО“Г»ГҙО“Г¶ВјО“ГІВҘв•¬Гҙв”ңв•ўв”¬Гәв•¬Гҙв”ңв•ўв”ңв–’О“ГІВјв”ңв”ӨО“Г¶ВЈО“ГІГіО“Г¶Вјв”ңв•‘О“ГІВјв”ңв”ӨО“Г¶ВЈО“Г»ГҙО“Г¶ВЈО“Г¶Г©О“ГІВјв”ңв”ӨО“Г¶ВЈО“ГІГіО“Г¶ВјО“ГІВҘв•¬Гҙв”ңв•ўв”¬Гәв•¬Гҙв”ңв–“в”ңВӘв•¬Гҙв”ңв–“в”¬в•қО“Г¶ВЈО“Г¶Гұв•¬Гҙв”ңв•ўв”¬Гәв•¬Гҙв”ңв–“в”ңв”Ӯв•¬Гҙв”ңв•ўв”¬в•қв•¬Гҙв”ңв–“в”¬Г‘О“ГІВјв”ңв”ӨО“Г¶ВЈО“ГІГіО“Г¶Вјв”ңв•‘в•¬Гҙв”ңв•ўв”¬в•қО“Г¶ВЈв”¬Гӯes','2024-09-25 19:12:42','2024-09-25 19:12:42'),(27,'menu_items','title',5,'pt','Ferramentas','2024-09-25 19:12:42','2024-09-25 19:12:42'),(28,'menu_items','title',6,'pt','Menus','2024-09-25 19:12:42','2024-09-25 19:12:42'),(29,'menu_items','title',7,'pt','Base de dados','2024-09-25 19:12:42','2024-09-25 19:12:42'),(30,'menu_items','title',10,'pt','ConfiguraО“ГІВјв”ңв”ӨО“Г¶ВЈО“Г»ГҙО“Г¶ВјО“ГІВҘв•¬Гҙв”ңв•ўв”¬Гәв•¬Гҙв”ңв•ўв”ңв–’О“ГІВјв”ңв”ӨО“Г¶ВЈО“ГІГіО“Г¶Вјв”ңв•‘О“ГІВјв”ңв”ӨО“Г¶ВЈО“ГІГ№О“Г¶ВЈО“Г¶ГұО“ГІВјв”ңв”ӨО“Г¶ВЈО“ГІГіО“Г¶ВјО“ГІВҘО“ГІВјв”ңв”ӨО“Г¶ВЈО“Г»ГҙО“Г¶Вјв”ңГҰв•¬Гҙв”ңв–“в”¬в•қО“Г¶ВЈО“Г¶Гұв•¬Гҙв”ңв•ўв”¬Гәв•¬Гҙв”ңв–“в”ңв”Ӯв•¬Гҙв”ңв•ўв”¬в•қО“Г¶ВЈО“ГІГҰв•¬Гҙв”ңв–“в”¬в•қО“Г¶ВЈО“Г¶Гұв•¬Гҙв”ңв•ўв”¬Гәв•¬Гҙв”ңв–“в”ңв”Ӯв•¬Гҙв”ңв•ўв”¬Гәв•¬Гҙв”ңв•—в”ңГҘО“ГІВјв”ңв”ӨО“Г¶ВЈО“Г»ГҙО“Г¶ВјО“ГІВҘв•¬Гҙв”ңв•ўв”¬Гәв•¬Гҙв”ңв•ўв”ңв–’О“ГІВјв”ңв”ӨО“Г¶ВЈО“ГІГіО“Г¶Вјв”ңв•‘О“ГІВјв”ңв”ӨО“Г¶ВЈО“Г»ГҙО“Г¶ВЈО“Г¶Г©О“ГІВјв”ңв”ӨО“Г¶ВЈО“ГІГіО“Г¶ВјО“ГІВҘв•¬Гҙв”ңв•ўв”¬Гәв•¬Гҙв”ңв–“в”ңВӘО“ГІВјв”ңв”ӨО“Г¶ВЈО“Г»ГҙО“Г¶ВјО“ГІВҘв•¬Гҙв”ңв•ўв”¬Гәв•¬Гҙв”ңв•ўв”ңв–’О“ГІВјв”ңв”ӨО“Г¶ВЈО“ГІГіО“Г¶Вјв”ңв•‘О“ГІВјв”ңв”ӨО“Г¶ВЈО“ГІГ№О“Г¶ВЈО“Г¶ГұО“ГІВјв”ңв”ӨО“Г¶ВЈО“ГІГіО“Г¶Вјв”ңв•‘О“ГІВјв”ңв”ӨО“Г¶ВЈО“ГІГіО“Г¶ВЈО“Г®ГүО“ГІВјв”ңв”ӨО“Г¶ВЈО“Г»ГҙО“Г¶ВјО“ГІВҘв•¬Гҙв”ңв•ўв”¬Гәв•¬Гҙв”ңв•ўв”ңв–’О“ГІВјв”ңв”ӨО“Г¶ВЈО“ГІГіО“Г¶Вјв”ңв•‘О“ГІВјв”ңв”ӨО“Г¶ВЈО“Г»ГҙО“Г¶ВЈО“Г¶Г©О“ГІВјв”ңв”ӨО“Г¶ВЈО“ГІГіО“Г¶ВјО“ГІВҘО“ГІВјв”ңв”ӨО“Г¶ВЈО“Г»ГҙО“Г¶Вјв”ңГҰв•¬Гҙв”ңв–“в”¬в•қО“Г¶ВЈО“Г¶Гұв•¬Гҙв”ңв•ўв”¬Гәв•¬Гҙв”ңв–“в”ңв”Ӯв•¬Гҙв”ңв•ўв”¬в•қО“Г¶ВЈО“ГІГҰв•¬Гҙв”ңв–“в”¬в•қО“Г¶ВЈО“Г¶Гұв•¬Гҙв”ңв•ўв”¬Гәв•¬Гҙв”ңв•—в”ңв”Өв•¬Гҙв”ңв•ўв”¬ГәО“Г¶Вјв”¬Вјв•¬Гҙв”ңв–“в”¬в•қО“Г¶ВЈО“Г¶Гұв•¬Гҙв”ңв•ўв”¬Гәв•¬Гҙв”ңв•—в”ңв”Өв•¬Гҙв”ңв•ўв”¬в•қв•¬Гҙв”ңв–“в”¬Г‘О“ГІВјв”ңв”ӨО“Г¶ВЈО“ГІГіО“Г¶Вјв”ңв•‘О“ГІВјв”ңв”ӨО“Г¶ВЈО“ГІГіО“Г¶ВЈО“Г»ГҶв•¬Гҙв”ңв–“в”¬в•қО“Г¶ВЈО“Г¶Гұв•¬Гҙв”ңв•ўв”¬Гәв•¬Гҙв”ңв–“в”ңв”Ӯв•¬Гҙв”ңв•ўв”¬в•қО“Г¶ВЈО“ГІГҰв•¬Гҙв”ңв–“в”¬в•қО“Г¶ВЈО“Г¶Гұв•¬Гҙв”ңв•ўв”¬Гәв•¬Гҙв”ңв•—в”ңв”Өв•¬Гҙв”ңв•ўв”¬Гәв•¬Гҙв”ңв•ўв”ңвҢҗв•¬Гҙв”ңв–“в”¬в•қО“Г¶ВЈО“Г¶Гұв•¬Гҙв”ңв•ўв”¬Гәв•¬Гҙв”ңв–“в”ңв”Ӯв•¬Гҙв”ңв•ўв”¬в•қв•¬Гҙв”ңв–“в”¬Г‘в•¬Гҙв”ңв–“в”¬в•қО“Г¶ВЈО“Г¶Гұв•¬Гҙв”ңв•ўв”¬Гәв•¬Гҙв”ңв•—в”ңв”Өв•¬Гҙв”ңв•ўв”¬в•қО“Г¶ВЈв”ңВӘв•¬Гҙв”ңв–“в”¬в•қО“Г¶ВЈО“Г¶Гұв•¬Гҙв”ңв•ўв”¬Гәв•¬Гҙв”ңв•—в”ңв”Өв•¬Гҙв”ңв•ўв”¬в•қв•¬Гҙв”ңв–“в”¬Г‘О“ГІВјв”ңв”ӨО“Г¶ВЈО“ГІГіО“Г¶Вјв”ңв•‘О“ГІВјв”ңв”ӨО“Г¶ВЈО“ГІГіО“Г¶ВЈО“Г»ГҶв•¬Гҙв”ңв–“в”¬в•қО“Г¶ВЈО“Г¶Гұв•¬Гҙв”ңв•ўв”¬Гәв•¬Гҙв”ңв–“в”ңв”Ӯв•¬Гҙв”ңв•ўв”¬в•қО“Г¶ВЈО“ГІГҰв•¬Гҙв”ңв–“в”¬в•қО“Г¶ВЈО“Г¶Гұв•¬Гҙв”ңв•ўв”¬Гәв•¬Гҙв”ңв–“в”ңв•Јв•¬Гҙв”ңв•ўв”¬Гәв•¬Гҙв”ңв•ўв”ңв–’в•¬Гҙв”ңв–“в”¬в•қО“Г¶ВЈО“Г¶Гұв•¬Гҙв”ңв•ўв”¬Гәв•¬Гҙв”ңв–“в”ңв”Ӯв•¬Гҙв”ңв•ўв”¬в•қО“Г¶ВЈО“ГІГҰО“ГІВјв”ңв”ӨО“Г¶ВЈО“ГІГіО“Г¶ВјО“ГІВҘв•¬Гҙв”ңв•ўв”¬в•қО“Г¶ВјО“ГІВҘО“ГІВјв”ңв”ӨО“Г¶ВЈО“Г»ГҙО“Г¶ВјО“ГІВҘв•¬Гҙв”ңв•ўв”¬Гәв•¬Гҙв”ңв•ўв”ңв–’О“ГІВјв”ңв”ӨО“Г¶ВЈО“ГІГіО“Г¶Вјв”ңв•‘О“ГІВјв”ңв”ӨО“Г¶ВЈО“ГІГ№О“Г¶ВЈО“Г¶ГұО“ГІВјв”ңв”ӨО“Г¶ВЈО“ГІГіО“Г¶ВјО“ГІВҘО“ГІВјв”ңв”ӨО“Г¶ВЈО“Г»ГҙО“Г¶Вјв”ңГҰв•¬Гҙв”ңв–“в”¬в•қО“Г¶ВЈО“Г¶Гұв•¬Гҙв”ңв•ўв”¬Гәв•¬Гҙв”ңв–“в”ңв”Ӯв•¬Гҙв”ңв•ўв”¬в•қО“Г¶ВЈО“ГІГҰв•¬Гҙв”ңв–“в”¬в•қО“Г¶ВЈО“Г¶Гұв•¬Гҙв”ңв•ўв”¬Гәв•¬Гҙв”ңв–“в”ңв”Ӯв•¬Гҙв”ңв•ўв”¬Гәв•¬Гҙв”ңв•—в”ңГҘО“ГІВјв”ңв”ӨО“Г¶ВЈО“Г»ГҙО“Г¶ВјО“ГІВҘв•¬Гҙв”ңв•ўв”¬Гәв•¬Гҙв”ңв•ўв”ңв–’О“ГІВјв”ңв”ӨО“Г¶ВЈО“ГІГіО“Г¶Вјв”ңв•‘О“ГІВјв”ңв”ӨО“Г¶ВЈО“Г»ГҙО“Г¶ВЈО“Г¶Г©О“ГІВјв”ңв”ӨО“Г¶ВЈО“ГІГіО“Г¶ВјО“ГІВҘв•¬Гҙв”ңв•ўв”¬Гәв•¬Гҙв”ңв–“в”ңВӘО“ГІВјв”ңв”ӨО“Г¶ВЈО“Г»ГҙО“Г¶ВјО“ГІВҘв•¬Гҙв”ңв•ўв”¬Гәв•¬Гҙв”ңв•ўв”ңв–’О“ГІВјв”ңв”ӨО“Г¶ВЈО“ГІГіО“Г¶Вјв”ңв•‘О“ГІВјв”ңв”ӨО“Г¶ВЈО“ГІГ№О“Г¶ВЈО“Г¶ГұО“ГІВјв”ңв”ӨО“Г¶ВЈО“ГІГіО“Г¶Вјв”ңв•‘О“ГІВјв”ңв”ӨО“Г¶ВЈО“ГІГіО“Г¶ВЈО“Г®ГүО“ГІВјв”ңв”ӨО“Г¶ВЈО“Г»ГҙО“Г¶ВјО“ГІВҘв•¬Гҙв”ңв•ўв”¬Гәв•¬Гҙв”ңв•ўв”ңв–’О“ГІВјв”ңв”ӨО“Г¶ВЈО“ГІГіО“Г¶Вјв”ңв•‘О“ГІВјв”ңв”ӨО“Г¶ВЈО“Г»ГҙО“Г¶ВЈО“Г¶Г©О“ГІВјв”ңв”ӨО“Г¶ВЈО“ГІГіО“Г¶ВјО“ГІВҘО“ГІВјв”ңв”ӨО“Г¶ВЈО“Г»ГҙО“Г¶Вјв”ңГҰв•¬Гҙв”ңв–“в”¬в•қО“Г¶ВЈО“Г¶Гұв•¬Гҙв”ңв•ўв”¬Гәв•¬Гҙв”ңв–“в”ңв”Ӯв•¬Гҙв”ңв•ўв”¬в•қО“Г¶ВЈО“ГІГҰв•¬Гҙв”ңв–“в”¬в•қО“Г¶ВЈО“Г¶Гұв•¬Гҙв”ңв•ўв”¬Гәв•¬Гҙв”ңв•—в”ңв”Өв•¬Гҙв”ңв•ўв”¬ГәО“Г¶Вјв”¬ВјО“ГІВјв”ңв”ӨО“Г¶ВЈО“Г»ГҙО“Г¶ВјО“ГІВҘв•¬Гҙв”ңв•ўв”¬Гәв•¬Гҙв”ңв•ўв”ңв–’О“ГІВјв”ңв”ӨО“Г¶ВЈО“ГІГіО“Г¶Вјв”ңв•‘О“ГІВјв”ңв”ӨО“Г¶ВЈО“ГІГ№О“Г¶ВЈО“Г¶ГұО“ГІВјв”ңв”ӨО“Г¶ВЈО“ГІГіО“Г¶ВјО“ГІВҘО“ГІВјв”ңв”ӨО“Г¶ВЈО“Г»ГҙО“Г¶Вјв”ңГҰв•¬Гҙв”ңв–“в”¬в•қО“Г¶ВЈО“Г¶Гұв•¬Гҙв”ңв•ўв”¬Гәв•¬Гҙв”ңв–“в”ңв”Ӯв•¬Гҙв”ңв•ўв”¬в•қО“Г¶ВЈО“ГІГҰв•¬Гҙв”ңв–“в”¬в•қО“Г¶ВЈО“Г¶Гұв•¬Гҙв”ңв•ўв”¬Гәв•¬Гҙв”ңв–“в”ңв”Ӯв•¬Гҙв”ңв•ўв”¬Гәв•¬Гҙв”ңв•—в”ңГҘО“ГІВјв”ңв”ӨО“Г¶ВЈО“Г»ГҙО“Г¶ВјО“ГІВҘв•¬Гҙв”ңв•ўв”¬Гәв•¬Гҙв”ңв•ўв”ңв–’О“ГІВјв”ңв”ӨО“Г¶ВЈО“ГІГіО“Г¶Вјв”ңв•‘О“ГІВјв”ңв”ӨО“Г¶ВЈО“Г»ГҙО“Г¶ВЈО“Г¶Г©О“ГІВјв”ңв”ӨО“Г¶ВЈО“ГІГіО“Г¶ВјО“ГІВҘв•¬Гҙв”ңв•ўв”¬Гәв•¬Гҙв”ңв–“в”ңВӘО“ГІВјв”ңв”ӨО“Г¶ВЈО“Г»ГҙО“Г¶ВјО“ГІВҘв•¬Гҙв”ңв•ўв”¬Гәв•¬Гҙв”ңв•ўв”ңв–’О“ГІВјв”ңв”ӨО“Г¶ВЈО“ГІГіО“Г¶Вјв”ңв•‘О“ГІВјв”ңв”ӨО“Г¶ВЈО“Г»ГҙО“Г¶ВЈО“ГІГәО“ГІВјв”ңв”ӨО“Г¶ВЈО“ГІГіО“Г¶Вјв”ңв•‘О“ГІВјв”ңв”ӨО“Г¶ВЈО“ГІГіО“Г¶ВЈО“Г»ГҶО“ГІВјв”ңв”ӨО“Г¶ВЈО“Г»ГҙО“Г¶ВјО“ГІВҘв•¬Гҙв”ңв•ўв”¬Гәв•¬Гҙв”ңв•ўв”ңв–’О“ГІВјв”ңв”ӨО“Г¶ВЈО“ГІГіО“Г¶Вјв”ңв•‘О“ГІВјв”ңв”ӨО“Г¶ВЈО“Г»ГҙО“Г¶ВЈО“Г¶Г©О“ГІВјв”ңв”ӨО“Г¶ВЈО“ГІГіО“Г¶ВјО“ГІВҘв•¬Гҙв”ңв•ўв”¬Гәв•¬Гҙв”ңв–“в”ңВӘв•¬Гҙв”ңв–“в”¬в•қО“Г¶ВЈО“Г¶Гұв•¬Гҙв”ңв•ўв”¬Гәв•¬Гҙв”ңв–“в”ңв”Ӯв•¬Гҙв”ңв•ўв”¬в•қв•¬Гҙв”ңв–“в”¬Г‘О“ГІВјв”ңв”ӨО“Г¶ВЈО“ГІГіО“Г¶Вјв”ңв•‘в•¬Гҙв”ңв•ўв”¬в•қО“Г¶ВЈв”¬Гӯes','2024-09-25 19:12:42','2024-09-25 19:12:42');
/*!40000 ALTER TABLE `translations` ENABLE KEYS */;
UNLOCK TABLES;
/*!40103 SET TIME_ZONE=@OLD_TIME_ZONE */;

/*!40101 SET SQL_MODE=@OLD_SQL_MODE */;
/*!40014 SET FOREIGN_KEY_CHECKS=@OLD_FOREIGN_KEY_CHECKS */;
/*!40014 SET UNIQUE_CHECKS=@OLD_UNIQUE_CHECKS */;
/*!40101 SET CHARACTER_SET_CLIENT=@OLD_CHARACTER_SET_CLIENT */;
/*!40101 SET CHARACTER_SET_RESULTS=@OLD_CHARACTER_SET_RESULTS */;
/*!40101 SET COLLATION_CONNECTION=@OLD_COLLATION_CONNECTION */;
/*!40111 SET SQL_NOTES=@OLD_SQL_NOTES */;

-- Dump completed on 2025-02-07 10:35:08
